device,model,horizon_h,n,crps,crps_skill,crps_skill_fold_median,crps_skill_fold_min,ceiling,efficiency,efficiency_fold_min,ceiling_oracle,efficiency_oracle,cov50,cov90
SE01-LS-1,fhs-adaptive,6,1401,0.0759,0.2676,0.2982,0.1996,0.195,1.3724,1.0166,0.2976,0.8992,0.3547,0.8729
SE01-LS-1,fhs-ewma,6,1401,0.0766,0.2605,0.2935,0.2254,0.195,1.3364,1.148,0.2976,0.8756,0.4354,0.9151
SE01-LS-1,gaussian-ewma,6,1401,0.0835,0.1943,0.2384,0.159,0.195,0.9965,0.8528,0.2976,0.6529,0.6345,0.9008
SE01-LS-1,persistence-point,6,1401,0.1036,0.0,0.0,0.0,0.195,0.0,0.0,0.2976,0.0,0.0307,0.0307
SE01-LS-1,fhs-adaptive,12,1395,0.1182,0.3257,0.3139,0.2713,0.2084,1.5624,1.3023,0.3668,0.8879,0.3276,0.8516
SE01-LS-1,fhs-ewma,12,1395,0.1217,0.3061,0.2992,0.2796,0.2084,1.4686,1.3591,0.3668,0.8345,0.4746,0.9305
SE01-LS-1,gaussian-ewma,12,1395,0.1386,0.2096,0.2541,0.1726,0.2084,1.0056,0.8724,0.3668,0.5715,0.6258,0.9455
SE01-LS-1,persistence-point,12,1395,0.1753,0.0,0.0,0.0,0.2084,0.0,0.0,0.3668,0.0,0.0093,0.0093
SE01-LS-1,fhs-adaptive,24,1383,0.1629,0.4219,0.4818,0.3717,0.2219,1.9016,1.7973,0.5017,0.8411,0.3485,0.8778
SE01-LS-1,fhs-ewma,24,1383,0.1749,0.3794,0.4958,0.2208,0.2219,1.7099,1.0227,0.5017,0.7563,0.5785,0.9407
SE01-LS-1,gaussian-ewma,24,1383,0.2203,0.2185,0.2924,0.0523,0.2219,0.9846,0.2423,0.5017,0.4355,0.6623,0.9465
SE01-LS-1,persistence-point,24,1383,0.2818,0.0,0.0,0.0,0.2219,0.0,0.0,0.5017,0.0,0.0014,0.0014
SE01-LS-1,fhs-adaptive,48,1359,0.297,0.4296,0.5159,0.3733,0.2223,1.9322,1.7747,0.5603,0.7667,0.387,0.8322
SE01-LS-1,fhs-ewma,48,1359,0.3291,0.3678,0.5014,0.0929,0.2223,1.6545,0.4303,0.5603,0.6566,0.7005,0.9485
SE01-LS-1,gaussian-ewma,48,1359,0.3927,0.2458,0.3166,-0.166,0.2223,1.1054,-0.7686,0.5603,0.4386,0.7086,0.9139
SE01-LS-1,persistence-point,48,1359,0.5206,0.0,0.0,0.0,0.2223,0.0,0.0,0.5603,0.0,0.0029,0.0029
SE01-LS-2,fhs-adaptive,6,1401,0.0825,0.2647,0.2763,0.2545,0.1663,1.5915,1.5456,0.3037,0.8715,0.2855,0.8637
SE01-LS-2,fhs-ewma,6,1401,0.0832,0.258,0.296,0.2286,0.1663,1.5512,1.4791,0.3037,0.8495,0.4404,0.9101
SE01-LS-2,gaussian-ewma,6,1401,0.091,0.1881,0.2989,0.1176,0.1663,1.1313,0.7613,0.3037,0.6195,0.6267,0.9422
SE01-LS-2,persistence-point,6,1401,0.1121,0.0,0.0,0.0,0.1663,0.0,0.0,0.3037,0.0,0.0,0.0
SE01-LS-2,fhs-adaptive,12,1395,0.1256,0.2867,0.2852,0.2735,0.1666,1.7207,1.6132,0.3304,0.8677,0.3176,0.8495
SE01-LS-2,fhs-ewma,12,1395,0.1274,0.2759,0.3101,0.2491,0.1666,1.6563,1.6085,0.3304,0.8352,0.4588,0.9147
SE01-LS-2,gaussian-ewma,12,1395,0.1455,0.1732,0.2823,0.115,0.1666,1.0396,0.7426,0.3304,0.5242,0.6602,0.9355
SE01-LS-2,persistence-point,12,1395,0.176,0.0,0.0,0.0,0.1666,0.0,0.0,0.3304,0.0,0.0007,0.0007
SE01-LS-2,fhs-adaptive,24,1383,0.1694,0.3536,0.4445,0.3166,0.1916,1.8451,1.7562,0.4278,0.8266,0.3926,0.8409
SE01-LS-2,fhs-ewma,24,1383,0.1808,0.3102,0.4242,0.2521,0.1916,1.6185,1.3988,0.4278,0.7251,0.5481,0.9248
SE01-LS-2,gaussian-ewma,24,1383,0.2203,0.1594,0.2337,0.1107,0.1916,0.832,0.6142,0.4278,0.3727,0.6819,0.9436
SE01-LS-2,persistence-point,24,1383,0.262,0.0,0.0,0.0,0.1916,0.0,0.0,0.4278,0.0,0.0,0.0
SE01-LS-2,fhs-adaptive,48,1359,0.2724,0.4217,0.4971,0.3834,0.1987,2.1226,2.0627,0.5123,0.8233,0.3753,0.7763
SE01-LS-2,fhs-ewma,48,1359,0.3139,0.3337,0.4541,0.2729,0.1987,1.6794,1.4683,0.5123,0.6514,0.5607,0.9735
SE01-LS-2,gaussian-ewma,48,1359,0.3636,0.2281,0.268,0.1565,0.1987,1.1483,0.8032,0.5123,0.4454,0.6512,0.95
SE01-LS-2,persistence-point,48,1359,0.4711,0.0,0.0,0.0,0.1987,0.0,0.0,0.5123,0.0,0.0,0.0
SE01-LS-3,fhs-adaptive,6,1401,0.1033,0.2168,0.2644,0.1871,0.2014,1.076,0.9284,0.2599,0.834,0.3519,0.8872
SE01-LS-3,fhs-ewma,6,1401,0.1041,0.2113,0.2707,0.1631,0.2014,1.0489,0.8092,0.2599,0.813,0.4775,0.9208
SE01-LS-3,gaussian-ewma,6,1401,0.1107,0.161,0.281,0.0729,0.2014,0.799,0.362,0.2599,0.6193,0.6552,0.9179
SE01-LS-3,persistence-point,6,1401,0.1319,0.0,0.0,0.0,0.2014,0.0,0.0,0.2599,0.0,0.0021,0.0021
SE01-LS-3,fhs-adaptive,12,1395,0.1532,0.2664,0.2764,0.248,0.2183,1.2206,1.1622,0.3083,0.8642,0.367,0.8638
SE01-LS-3,fhs-ewma,12,1395,0.1552,0.257,0.2852,0.2283,0.2183,1.1776,1.0698,0.3083,0.8338,0.481,0.9484
SE01-LS-3,gaussian-ewma,12,1395,0.1713,0.1797,0.2915,0.115,0.2183,0.8233,0.5388,0.3083,0.5829,0.6409,0.9455
SE01-LS-3,persistence-point,12,1395,0.2088,0.0,0.0,0.0,0.2183,0.0,0.0,0.3083,0.0,0.0,0.0
SE01-LS-3,fhs-adaptive,24,1383,0.182,0.3541,0.3724,0.3074,0.262,1.3514,1.2231,0.4142,0.8549,0.4425,0.8742
SE01-LS-3,fhs-ewma,24,1383,0.1888,0.33,0.3379,0.2894,0.262,1.2596,1.1517,0.4142,0.7968,0.5249,0.9313
SE01-LS-3,gaussian-ewma,24,1383,0.2329,0.1735,0.2008,0.1492,0.262,0.6622,0.5935,0.4142,0.4189,0.7101,0.9472
SE01-LS-3,persistence-point,24,1383,0.2818,0.0,0.0,0.0,0.262,0.0,0.0,0.4142,0.0,0.0029,0.0029
SE01-LS-3,fhs-adaptive,48,1359,0.3057,0.3907,0.3802,0.3241,0.2831,1.3799,1.1982,0.5016,0.7788,0.4312,0.9316
SE01-LS-3,fhs-ewma,48,1359,0.319,0.3643,0.3764,0.2387,0.2831,1.2869,0.8185,0.5016,0.7263,0.5806,0.9757
SE01-LS-3,gaussian-ewma,48,1359,0.3816,0.2395,0.2566,0.1601,0.2831,0.8459,0.5491,0.5016,0.4774,0.7035,0.961
SE01-LS-3,persistence-point,48,1359,0.5018,0.0,0.0,0.0,0.2831,0.0,0.0,0.5016,0.0,0.0007,0.0007
SE01-LS-4,fhs-adaptive,6,1401,0.0656,0.1802,0.1998,0.1464,0.1121,1.6073,1.3361,0.2079,0.867,0.3305,0.853
SE01-LS-4,fhs-ewma,6,1401,0.0665,0.169,0.2202,0.1202,0.1121,1.507,1.0967,0.2079,0.8129,0.4111,0.9322
SE01-LS-4,gaussian-ewma,6,1401,0.0725,0.094,0.1752,0.0176,0.1121,0.8378,0.1602,0.2079,0.4519,0.7031,0.8687
SE01-LS-4,persistence-point,6,1401,0.08,0.0,0.0,0.0,0.1121,0.0,0.0,0.2079,0.0,0.0771,0.0771
SE01-LS-4,fhs-adaptive,12,1395,0.1024,0.2118,0.2553,0.1625,0.1219,1.7373,1.3953,0.2577,0.8218,0.2832,0.8308
SE01-LS-4,fhs-ewma,12,1395,0.105,0.192,0.2957,0.1181,0.1219,1.5748,1.0139,0.2577,0.7449,0.448,0.9534
SE01-LS-4,gaussian-ewma,12,1395,0.1175,0.0953,0.2388,-0.0032,0.1219,0.7815,-0.0274,0.2577,0.3697,0.6789,0.8982
SE01-LS-4,persistence-point,12,1395,0.1299,0.0,0.0,0.0,0.1219,0.0,0.0,0.2577,0.0,0.033,0.033
SE01-LS-4,fhs-adaptive,24,1383,0.1411,0.3049,0.4166,0.2046,0.1684,1.8103,1.2963,0.4098,0.7439,0.3724,0.8626
SE01-LS-4,fhs-ewma,24,1383,0.1483,0.2697,0.4691,0.12,0.1684,1.6013,0.7602,0.4098,0.658,0.4772,0.9465
SE01-LS-4,gaussian-ewma,24,1383,0.1774,0.1263,0.2882,-0.0144,0.1684,0.7498,-0.0915,0.4098,0.3081,0.611,0.9313
SE01-LS-4,persistence-point,24,1383,0.203,0.0,0.0,0.0,0.1684,0.0,0.0,0.4098,0.0,0.0065,0.0065
SE01-LS-4,fhs-adaptive,48,1359,0.2154,0.3714,0.5497,0.2356,0.2056,1.8067,1.2085,0.5023,0.7393,0.5166,0.8646
SE01-LS-4,fhs-ewma,48,1359,0.2329,0.3202,0.52,0.1271,0.2056,1.5577,0.6518,0.5023,0.6374,0.6166,0.9478
SE01-LS-4,gaussian-ewma,48,1359,0.2778,0.189,0.3123,0.0582,0.2056,0.9197,0.2986,0.5023,0.3763,0.5762,0.9301
SE01-LS-4,persistence-point,48,1359,0.3426,0.0,0.0,0.0,0.2056,0.0,0.0,0.5023,0.0,0.0,0.0
SE0X-LS-1,fhs-ewma,6,1401,0.0442,0.3143,0.3085,0.2811,0.152,2.0685,1.5436,0.3571,0.8803,0.3426,0.9058
SE0X-LS-1,gaussian-ewma,6,1401,0.0483,0.2498,0.3111,0.1667,0.152,1.6439,1.2806,0.3571,0.6997,0.5503,0.9458
SE0X-LS-1,fhs-adaptive,6,1401,0.0487,0.2444,0.2614,0.2213,0.152,1.6079,1.5284,0.3571,0.6843,0.1185,0.7438
SE0X-LS-1,persistence-point,6,1401,0.0644,0.0,0.0,0.0,0.152,0.0,0.0,0.3571,0.0,0.0,0.0
SE0X-LS-1,fhs-ewma,12,1395,0.065,0.3479,0.3404,0.2966,0.1521,2.2871,1.635,0.4071,0.8546,0.4502,0.8853
SE0X-LS-1,fhs-adaptive,12,1395,0.0729,0.2694,0.2778,0.2472,0.1521,1.7708,1.559,0.4071,0.6617,0.1591,0.7556
SE0X-LS-1,gaussian-ewma,12,1395,0.0762,0.2355,0.2865,0.1776,0.1521,1.5479,1.3665,0.4071,0.5784,0.6057,0.9197
SE0X-LS-1,persistence-point,12,1395,0.0997,0.0,0.0,0.0,0.1521,0.0,0.0,0.4071,0.0,0.0,0.0
SE0X-LS-1,fhs-ewma,24,1383,0.0896,0.4178,0.4949,0.3462,0.1665,2.5087,2.1508,0.521,0.8019,0.4845,0.9429
SE0X-LS-1,fhs-adaptive,24,1383,0.0983,0.3616,0.4279,0.2983,0.1665,2.1711,2.0896,0.521,0.694,0.2509,0.7375
SE0X-LS-1,gaussian-ewma,24,1383,0.1185,0.2306,0.2768,0.1737,0.1665,1.3847,1.1306,0.521,0.4427,0.6435,0.9624
SE0X-LS-1,persistence-point,24,1383,0.154,0.0,0.0,0.0,0.1665,0.0,0.0,0.521,0.0,0.0,0.0
SE0X-LS-1,fhs-adaptive,48,1359,0.1667,0.4308,0.5151,0.3597,0.1841,2.3404,2.1317,0.5802,0.7425,0.3657,0.6961
SE0X-LS-1,fhs-ewma,48,1359,0.168,0.4262,0.5376,0.3348,0.1841,2.3155,1.9841,0.5802,0.7346,0.4356,0.9882
SE0X-LS-1,gaussian-ewma,48,1359,0.2149,0.2663,0.2909,0.2203,0.1841,1.4464,1.2251,0.5802,0.4589,0.6394,0.9588
SE0X-LS-1,persistence-point,48,1359,0.2928,0.0,0.0,0.0,0.1841,0.0,0.0,0.5802,0.0,0.0,0.0
