device,model,horizon_h,n,crps,crps_skill,crps_skill_fold_median,crps_skill_fold_min,pinball_p05,pinball_p25,pinball_p50,pinball_p75,pinball_p95,cov50,cov90
SE01-LS-1,gaussian-ewma,6,1401,0.0835,0.1943,0.2384,0.159,0.0149,0.0386,0.0518,0.0548,0.0305,0.6345,0.9008
SE01-LS-1,persistence-point,6,1401,0.1036,0.0,0.0,0.0,0.0655,0.0594,0.0518,0.0441,0.038,0.0307,0.0307
SE01-LS-1,gaussian-fixed,6,1401,0.1069,-0.0322,-0.2084,-0.4366,0.0239,0.0503,0.0518,0.0789,0.0428,0.9215,0.9879
SE01-LS-1,climatology-ensemble,6,1401,3.9941,-37.5608,-92.3861,-109.9017,1.1718,2.3868,2.9021,1.7847,0.576,0.2541,0.3911
SE01-LS-1,gaussian-ewma,12,1395,0.1386,0.2096,0.2541,0.1726,0.0216,0.0553,0.0877,0.098,0.0546,0.6258,0.9455
SE01-LS-1,persistence-point,12,1395,0.1753,0.0,0.0,0.0,0.1152,0.103,0.0877,0.0724,0.0601,0.0093,0.0093
SE01-LS-1,gaussian-fixed,12,1395,0.1883,-0.0739,-0.3791,-0.6487,0.0438,0.085,0.0877,0.146,0.0758,0.9491,0.9907
SE01-LS-1,climatology-ensemble,12,1395,4.0013,-21.822,-59.8219,-79.4334,1.1764,2.3984,2.8914,1.7877,0.5845,0.2631,0.3928
SE01-LS-1,gaussian-ewma,24,1383,0.2203,0.2185,0.2924,0.0523,0.0346,0.0721,0.1409,0.1709,0.0898,0.6623,0.9465
SE01-LS-1,persistence-point,24,1383,0.2818,0.0,0.0,0.0,0.1973,0.1723,0.1409,0.1096,0.0845,0.0014,0.0014
SE01-LS-1,gaussian-fixed,24,1383,0.3089,-0.096,-0.8206,-1.3092,0.0737,0.1355,0.1409,0.2506,0.1228,0.9537,0.9826
SE01-LS-1,climatology-ensemble,24,1383,4.0131,-13.24,-37.0758,-73.0746,1.1823,2.3906,2.9024,1.7878,0.582,0.2654,0.3962
SE01-LS-1,gaussian-ewma,48,1359,0.3927,0.2458,0.3166,-0.166,0.0703,0.1318,0.2603,0.3107,0.1183,0.7086,0.9139
SE01-LS-1,gaussian-fixed,48,1359,0.4865,0.0656,-0.7073,-0.7974,0.107,0.1894,0.2603,0.3992,0.1687,0.9139,0.9654
SE01-LS-1,persistence-point,48,1359,0.5206,0.0,0.0,0.0,0.376,0.3246,0.2603,0.196,0.1446,0.0029,0.0029
SE01-LS-1,climatology-ensemble,48,1359,4.0326,-6.7456,-17.9081,-36.5988,1.1956,2.4649,2.8927,1.786,0.5744,0.2701,0.4032
SE01-LS-2,gaussian-ewma,6,1401,0.091,0.1881,0.2989,0.1176,0.015,0.0387,0.0561,0.0627,0.0367,0.6267,0.9422
SE01-LS-2,persistence-point,6,1401,0.1121,0.0,0.0,0.0,0.0659,0.0616,0.0561,0.0506,0.0462,0.0,0.0
SE01-LS-2,gaussian-fixed,6,1401,0.1302,-0.1608,-0.2905,-0.7377,0.0326,0.0673,0.0561,0.0959,0.0535,0.955,0.9879
SE01-LS-2,climatology-ensemble,6,1401,2.187,-18.5017,-43.2682,-51.078,0.4919,1.2993,1.5502,1.1056,0.3411,0.2577,0.4147
SE01-LS-2,gaussian-ewma,12,1395,0.1455,0.1732,0.2823,0.115,0.0232,0.0589,0.088,0.1031,0.0638,0.6602,0.9355
SE01-LS-2,persistence-point,12,1395,0.176,0.0,0.0,0.0,0.1073,0.0987,0.088,0.0773,0.0687,0.0007,0.0007
SE01-LS-2,gaussian-fixed,12,1395,0.2013,-0.1435,-0.6098,-0.8724,0.0478,0.1003,0.088,0.1507,0.0844,0.9484,0.9821
SE01-LS-2,climatology-ensemble,12,1395,2.1934,-11.4618,-32.5074,-49.6752,0.5005,1.3093,1.5426,1.103,0.3386,0.2588,0.4108
SE01-LS-2,gaussian-ewma,24,1383,0.2203,0.1594,0.2337,0.1107,0.0361,0.0792,0.131,0.1701,0.0983,0.6819,0.9436
SE01-LS-2,persistence-point,24,1383,0.262,0.0,0.0,0.0,0.1705,0.1529,0.131,0.1091,0.0916,0.0,0.0
SE01-LS-2,gaussian-fixed,24,1383,0.2855,-0.0896,-0.6121,-1.4404,0.0654,0.1297,0.131,0.2213,0.1212,0.9501,0.9732
SE01-LS-2,climatology-ensemble,24,1383,2.2032,-7.4076,-27.7239,-51.5282,0.5064,1.3192,1.5491,1.1065,0.3403,0.2617,0.4056
SE01-LS-2,gaussian-ewma,48,1359,0.3636,0.2281,0.268,0.1565,0.0609,0.1257,0.2355,0.2884,0.1249,0.6512,0.95
SE01-LS-2,gaussian-fixed,48,1359,0.4442,0.0572,-0.3664,-0.949,0.0895,0.1857,0.2355,0.3493,0.1677,0.8904,0.9603
SE01-LS-2,persistence-point,48,1359,0.4711,0.0,0.0,0.0,0.3184,0.2816,0.2355,0.1895,0.1527,0.0,0.0
SE01-LS-2,climatology-ensemble,48,1359,2.2237,-3.7203,-14.8022,-26.1704,0.5259,1.3489,1.5586,1.1067,0.34,0.2715,0.3981
SE01-LS-3,gaussian-ewma,6,1401,0.1107,0.161,0.281,0.0729,0.0213,0.0528,0.066,0.0723,0.0415,0.6552,0.9179
SE01-LS-3,gaussian-fixed,6,1401,0.1184,0.1028,0.1041,0.0173,0.0267,0.0578,0.066,0.077,0.0469,0.8216,0.97
SE01-LS-3,persistence-point,6,1401,0.1319,0.0,0.0,0.0,0.0784,0.0729,0.066,0.059,0.0535,0.0021,0.0021
SE01-LS-3,climatology-ensemble,6,1401,4.4641,-32.8324,-78.164,-87.2125,1.4995,3.1677,3.0758,1.8502,0.4642,0.237,0.3726
SE01-LS-3,gaussian-ewma,12,1395,0.1713,0.1797,0.2915,0.115,0.0297,0.074,0.1044,0.1175,0.069,0.6409,0.9455
SE01-LS-3,gaussian-fixed,12,1395,0.1857,0.1108,0.0088,-0.1079,0.0402,0.0856,0.1044,0.1264,0.0754,0.848,0.9692
SE01-LS-3,persistence-point,12,1395,0.2088,0.0,0.0,0.0,0.1293,0.1182,0.1044,0.0906,0.0795,0.0,0.0
SE01-LS-3,climatology-ensemble,12,1395,4.467,-20.3905,-54.4808,-67.2475,1.495,3.1684,3.0769,1.8472,0.4654,0.2373,0.3713
SE01-LS-3,gaussian-ewma,24,1383,0.2329,0.1735,0.2008,0.1492,0.04,0.0837,0.1409,0.178,0.099,0.7101,0.9472
SE01-LS-3,gaussian-fixed,24,1383,0.2666,0.0539,-0.4809,-2.5657,0.0559,0.1107,0.1409,0.1962,0.1132,0.8294,0.9675
SE01-LS-3,persistence-point,24,1383,0.2818,0.0,0.0,0.0,0.1917,0.1691,0.1409,0.1126,0.0901,0.0029,0.0029
SE01-LS-3,climatology-ensemble,24,1383,4.4675,-14.855,-68.0758,-155.3196,1.4784,3.1711,3.0733,1.8473,0.4649,0.2415,0.3738
SE01-LS-3,gaussian-ewma,48,1359,0.3816,0.2395,0.2566,0.1601,0.0653,0.1305,0.2509,0.301,0.1246,0.7035,0.961
SE01-LS-3,gaussian-fixed,48,1359,0.4349,0.1333,-0.3047,-2.1861,0.0744,0.1811,0.2509,0.3191,0.163,0.6983,0.9507
SE01-LS-3,persistence-point,48,1359,0.5018,0.0,0.0,0.0,0.3531,0.3077,0.2509,0.1941,0.1486,0.0007,0.0007
SE01-LS-3,climatology-ensemble,48,1359,4.4617,-7.8921,-36.6615,-85.2687,1.4456,3.1754,3.063,1.8399,0.4626,0.2458,0.3812
SE01-LS-4,gaussian-ewma,6,1401,0.0725,0.094,0.1752,0.0176,0.0177,0.0365,0.04,0.0455,0.0287,0.7031,0.8687
SE01-LS-4,persistence-point,6,1401,0.08,0.0,0.0,0.0,0.05,0.0456,0.04,0.0345,0.03,0.0771,0.0771
SE01-LS-4,gaussian-fixed,6,1401,0.1014,-0.2672,-0.3671,-1.1532,0.0274,0.0535,0.04,0.0725,0.0408,0.9479,0.9857
SE01-LS-4,climatology-ensemble,6,1401,2.2836,-27.5364,-39.9654,-108.8765,0.9352,1.6361,1.4752,0.9032,0.2438,0.1163,0.3697
SE01-LS-4,gaussian-ewma,12,1395,0.1175,0.0953,0.2388,-0.0032,0.0263,0.0562,0.065,0.0771,0.0492,0.6789,0.8982
SE01-LS-4,persistence-point,12,1395,0.1299,0.0,0.0,0.0,0.0848,0.076,0.065,0.0539,0.0451,0.033,0.033
SE01-LS-4,gaussian-fixed,12,1395,0.1621,-0.2473,-0.4302,-0.8754,0.0435,0.0825,0.065,0.1199,0.0665,0.9606,0.9821
SE01-LS-4,climatology-ensemble,12,1395,2.2946,-16.6605,-26.8836,-68.115,0.9341,1.6564,1.4799,0.9125,0.2426,0.1097,0.3713
SE01-LS-4,gaussian-ewma,24,1383,0.1774,0.1263,0.2882,-0.0144,0.0351,0.0748,0.1015,0.1262,0.0749,0.611,0.9313
SE01-LS-4,persistence-point,24,1383,0.203,0.0,0.0,0.0,0.142,0.124,0.1015,0.079,0.061,0.0065,0.0065
SE01-LS-4,gaussian-fixed,24,1383,0.2139,-0.0535,-0.1753,-0.4744,0.055,0.0952,0.1015,0.1655,0.0872,0.9573,0.9718
SE01-LS-4,climatology-ensemble,24,1383,2.3117,-10.3866,-15.2099,-46.2868,0.9512,1.6624,1.4901,0.9218,0.2444,0.107,0.3644
SE01-LS-4,gaussian-ewma,48,1359,0.2778,0.189,0.3123,0.0582,0.0497,0.1146,0.1713,0.2051,0.0959,0.5762,0.9301
SE01-LS-4,gaussian-fixed,48,1359,0.3014,0.1203,0.0999,-0.3053,0.0677,0.1176,0.1713,0.2403,0.1064,0.9102,0.9603
SE01-LS-4,persistence-point,48,1359,0.3426,0.0,0.0,0.0,0.2523,0.2163,0.1713,0.1263,0.0903,0.0,0.0
SE01-LS-4,climatology-ensemble,48,1359,2.3468,-5.8503,-7.9262,-24.362,1.0074,1.6831,1.498,0.9345,0.2441,0.1074,0.3716
SE0X-LS-1,gaussian-ewma,6,1401,0.0483,0.2498,0.3111,0.1667,0.0071,0.0209,0.0322,0.0326,0.0165,0.5503,0.9458
SE0X-LS-1,persistence-point,6,1401,0.0644,0.0,0.0,0.0,0.0411,0.0371,0.0322,0.0273,0.0234,0.0,0.0
SE0X-LS-1,gaussian-fixed,6,1401,0.1516,-1.3527,-1.103,-2.608,0.0494,0.0983,0.0322,0.1138,0.0531,0.9936,0.9957
SE0X-LS-1,climatology-ensemble,6,1401,3.0119,-45.7441,-62.9902,-84.1813,0.6178,1.4285,2.2233,1.7943,0.4564,0.2877,0.3911
SE0X-LS-1,gaussian-ewma,12,1395,0.0762,0.2355,0.2865,0.1776,0.0119,0.0296,0.0499,0.0538,0.0287,0.6057,0.9197
SE0X-LS-1,persistence-point,12,1395,0.0997,0.0,0.0,0.0,0.0677,0.0598,0.0499,0.0399,0.032,0.0,0.0
SE0X-LS-1,gaussian-fixed,12,1395,0.2635,-1.6425,-1.7444,-3.3426,0.0863,0.1712,0.0499,0.2002,0.0908,0.9907,0.9971
SE0X-LS-1,climatology-ensemble,12,1395,3.0182,-29.2657,-50.1904,-65.7546,0.6174,1.4361,2.2324,1.797,0.4591,0.2889,0.3928
SE0X-LS-1,gaussian-ewma,24,1383,0.1185,0.2306,0.2768,0.1737,0.0173,0.0381,0.077,0.0924,0.0472,0.6435,0.9624
SE0X-LS-1,persistence-point,24,1383,0.154,0.0,0.0,0.0,0.1122,0.0966,0.077,0.0574,0.0418,0.0,0.0
SE0X-LS-1,gaussian-fixed,24,1383,0.3443,-1.2362,-2.0174,-3.5106,0.1101,0.2141,0.077,0.2682,0.1179,0.9834,1.0
SE0X-LS-1,climatology-ensemble,24,1383,3.0329,-18.6973,-42.7831,-70.1223,0.6317,1.4367,2.2384,1.7956,0.4549,0.2914,0.3962
SE0X-LS-1,gaussian-ewma,48,1359,0.2149,0.2663,0.2909,0.2203,0.0352,0.0679,0.1464,0.1707,0.0648,0.6394,0.9588
SE0X-LS-1,persistence-point,48,1359,0.2928,0.0,0.0,0.0,0.2171,0.1857,0.1464,0.1071,0.0757,0.0,0.0
SE0X-LS-1,gaussian-fixed,48,1359,0.493,-0.6834,-1.2224,-2.5505,0.154,0.2926,0.1464,0.3818,0.1697,0.9669,1.0
SE0X-LS-1,climatology-ensemble,48,1359,3.0579,-9.442,-21.3793,-38.1194,0.6452,1.4817,2.2519,1.7975,0.4581,0.2965,0.4032
