device,model,horizon_h,threshold_mm,subset,n,mae,rmse,skill_vs_persistence,skill_fold_min,gate_fired_frac
SE01-LS-1,persistence,6,,event,60,0.6474,1.2652,0.0,0.0,
SE01-LS-1,gated_wb,6,0.5,event,60,0.638,1.2307,0.0145,0.0145,0.0343
SE01-LS-1,gated_wb,6,1.0,event,60,0.638,1.2307,0.0145,0.0145,0.0343
SE01-LS-1,gated_wb,6,2.0,event,60,0.638,1.2307,0.0145,0.0145,0.0314
SE01-LS-1,gated_wb,6,5.0,event,60,0.6399,1.2322,0.0116,0.0116,0.0228
SE01-LS-1,gated_wb_selected,6,,event,60,0.6399,1.2322,0.0116,0.0116,0.025
SE01-LS-1,persistence,6,,quiet,1341,0.0792,0.1114,0.0,0.0,
SE01-LS-1,gated_wb,6,0.5,quiet,1341,0.08,0.1123,-0.0096,-0.0841,0.0343
SE01-LS-1,gated_wb,6,1.0,quiet,1341,0.08,0.1123,-0.0096,-0.0841,0.0343
SE01-LS-1,gated_wb,6,2.0,quiet,1341,0.08,0.1123,-0.0093,-0.0841,0.0314
SE01-LS-1,gated_wb,6,5.0,quiet,1341,0.0799,0.1122,-0.0079,-0.0783,0.0228
SE01-LS-1,gated_wb_selected,6,,quiet,1341,0.0799,0.1122,-0.0085,-0.0841,0.025
SE01-LS-1,persistence,6,,all,1401,0.1036,0.2836,0.0,0.0,
SE01-LS-1,gated_wb,6,0.5,all,1401,0.1039,0.2774,-0.0031,-0.0841,0.0343
SE01-LS-1,gated_wb,6,1.0,all,1401,0.1039,0.2774,-0.0031,-0.0841,0.0343
SE01-LS-1,gated_wb,6,2.0,all,1401,0.1039,0.2774,-0.0029,-0.0841,0.0314
SE01-LS-1,gated_wb,6,5.0,all,1401,0.1039,0.2776,-0.0027,-0.0783,0.0228
SE01-LS-1,gated_wb_selected,6,,all,1401,0.1039,0.2776,-0.0031,-0.0841,0.025
SE01-LS-1,gated_wb,6,0.5,fired,48,0.6601,1.333,-0.0145,-1.41,0.0343
SE01-LS-1,gated_wb,6,1.0,fired,48,0.6601,1.333,-0.0145,-1.41,0.0343
SE01-LS-1,gated_wb,6,2.0,fired,44,0.6901,1.3879,-0.0142,-1.41,0.0314
SE01-LS-1,gated_wb,6,5.0,fired,32,0.8443,1.5932,-0.0147,-2.3073,0.0228
SE01-LS-1,gated_wb_selected,6,,fired,35,0.781,1.5237,-0.0167,-1.41,0.025
SE01-LS-1,persistence,12,,event,60,1.164,1.8683,0.0,0.0,
SE01-LS-1,gated_wb,12,0.5,event,60,1.1602,1.7755,0.0032,0.0032,0.0444
SE01-LS-1,gated_wb,12,1.0,event,60,1.1602,1.7755,0.0032,0.0032,0.0444
SE01-LS-1,gated_wb,12,2.0,event,60,1.1601,1.7755,0.0034,0.0034,0.0423
SE01-LS-1,gated_wb,12,5.0,event,60,1.1568,1.7751,0.0062,0.0062,0.0337
SE01-LS-1,gated_wb_selected,12,,event,60,1.1568,1.7751,0.0062,0.0062,0.0337
SE01-LS-1,persistence,12,,quiet,1335,0.1309,0.1752,0.0,0.0,
SE01-LS-1,gated_wb,12,0.5,quiet,1335,0.1332,0.1799,-0.018,-0.1213,0.0444
SE01-LS-1,gated_wb,12,1.0,quiet,1335,0.1332,0.1799,-0.018,-0.1213,0.0444
SE01-LS-1,gated_wb,12,2.0,quiet,1335,0.1332,0.1799,-0.0178,-0.1213,0.0423
SE01-LS-1,gated_wb,12,5.0,quiet,1335,0.133,0.1796,-0.0164,-0.1145,0.0337
SE01-LS-1,gated_wb_selected,12,,quiet,1335,0.133,0.1796,-0.0164,-0.1145,0.0337
SE01-LS-1,persistence,12,,all,1395,0.1753,0.4237,0.0,0.0,
SE01-LS-1,gated_wb,12,0.5,all,1395,0.1774,0.4081,-0.0119,-0.1213,0.0444
SE01-LS-1,gated_wb,12,1.0,all,1395,0.1774,0.4081,-0.0119,-0.1213,0.0444
SE01-LS-1,gated_wb,12,2.0,all,1395,0.1774,0.4081,-0.0117,-0.1213,0.0423
SE01-LS-1,gated_wb,12,5.0,all,1395,0.1771,0.4079,-0.01,-0.1145,0.0337
SE01-LS-1,gated_wb_selected,12,,all,1395,0.1771,0.4079,-0.01,-0.1145,0.0337
SE01-LS-1,gated_wb,12,0.5,fired,62,1.0394,1.7225,-0.0473,-1.378,0.0444
SE01-LS-1,gated_wb,12,1.0,fired,62,1.0394,1.7225,-0.0473,-1.378,0.0444
SE01-LS-1,gated_wb,12,2.0,fired,59,1.0765,1.7642,-0.0473,-1.378,0.0423
SE01-LS-1,gated_wb,12,5.0,fired,47,1.2889,1.9699,-0.0419,-1.5909,0.0337
SE01-LS-1,gated_wb_selected,12,,fired,47,1.2889,1.9699,-0.0419,-1.5909,0.0337
SE01-LS-1,persistence,24,,event,60,1.7664,2.4944,0.0,0.0,
SE01-LS-1,gated_wb,24,0.5,event,60,1.2518,1.648,0.2914,0.2914,0.0622
SE01-LS-1,gated_wb,24,1.0,event,60,1.2518,1.648,0.2914,0.2914,0.0622
SE01-LS-1,gated_wb,24,2.0,event,60,1.251,1.6479,0.2918,0.2918,0.06
SE01-LS-1,gated_wb,24,5.0,event,60,1.2425,1.6463,0.2966,0.2966,0.0513
SE01-LS-1,gated_wb_selected,24,,event,60,1.2425,1.6463,0.2966,0.2966,0.0513
SE01-LS-1,persistence,24,,quiet,1323,0.2145,0.275,0.0,0.0,
SE01-LS-1,gated_wb,24,0.5,quiet,1323,0.2606,0.4292,-0.2151,-2.4325,0.0622
SE01-LS-1,gated_wb,24,1.0,quiet,1323,0.2606,0.4292,-0.2151,-2.4325,0.0622
SE01-LS-1,gated_wb,24,2.0,quiet,1323,0.2607,0.4293,-0.2155,-2.4325,0.06
SE01-LS-1,gated_wb,24,5.0,quiet,1323,0.2602,0.4289,-0.213,-2.3994,0.0513
SE01-LS-1,gated_wb_selected,24,,quiet,1323,0.2602,0.4289,-0.213,-2.3994,0.0513
SE01-LS-1,persistence,24,,all,1383,0.2818,0.5851,0.0,0.0,
SE01-LS-1,gated_wb,24,0.5,all,1383,0.3036,0.5422,-0.0774,-2.4325,0.0622
SE01-LS-1,gated_wb,24,1.0,all,1383,0.3036,0.5422,-0.0774,-2.4325,0.0622
SE01-LS-1,gated_wb,24,2.0,all,1383,0.3037,0.5423,-0.0775,-2.4325,0.06
SE01-LS-1,gated_wb,24,5.0,all,1383,0.3028,0.5418,-0.0744,-2.3994,0.0513
SE01-LS-1,gated_wb_selected,24,,all,1383,0.3028,0.5418,-0.0744,-2.3994,0.0513
SE01-LS-1,gated_wb,24,0.5,fired,86,1.6614,1.903,-0.2677,-16.007,0.0622
SE01-LS-1,gated_wb,24,1.0,fired,86,1.6614,1.903,-0.2677,-16.007,0.0622
SE01-LS-1,gated_wb,24,2.0,fired,83,1.7075,1.9355,-0.271,-16.007,0.06
SE01-LS-1,gated_wb,24,5.0,fired,71,1.9378,2.0869,-0.267,-17.8053,0.0513
SE01-LS-1,gated_wb_selected,24,,fired,71,1.9378,2.0869,-0.267,-17.8053,0.0513
SE01-LS-1,persistence,48,,event,60,2.6176,3.024,0.0,0.0,
SE01-LS-1,gated_wb,48,0.5,event,60,0.9802,1.1654,0.6255,0.6255,0.1325
SE01-LS-1,gated_wb,48,1.0,event,60,0.9802,1.1654,0.6255,0.6255,0.1295
SE01-LS-1,gated_wb,48,2.0,event,60,0.9802,1.1654,0.6255,0.6255,0.1251
SE01-LS-1,gated_wb,48,5.0,event,60,0.9818,1.1664,0.6249,0.6249,0.0846
SE01-LS-1,gated_wb_selected,48,,event,60,0.9818,1.1664,0.6249,0.6249,0.0846
SE01-LS-1,persistence,48,,quiet,1299,0.4238,0.5611,0.0,0.0,
SE01-LS-1,gated_wb,48,0.5,quiet,1299,0.4425,0.5387,-0.0442,-0.5091,0.1325
SE01-LS-1,gated_wb,48,1.0,quiet,1299,0.4429,0.539,-0.0452,-0.5091,0.1295
SE01-LS-1,gated_wb,48,2.0,quiet,1299,0.4435,0.5394,-0.0467,-0.5045,0.1251
SE01-LS-1,gated_wb,48,5.0,quiet,1299,0.4386,0.5362,-0.035,-0.5041,0.0846
SE01-LS-1,gated_wb_selected,48,,quiet,1299,0.4386,0.5362,-0.035,-0.5041,0.0846
SE01-LS-1,persistence,48,,all,1359,0.5206,0.8395,0.0,0.0,
SE01-LS-1,gated_wb,48,0.5,all,1359,0.4662,0.5808,0.1045,-0.5091,0.1325
SE01-LS-1,gated_wb,48,1.0,all,1359,0.4666,0.5811,0.1037,-0.5091,0.1295
SE01-LS-1,gated_wb,48,2.0,all,1359,0.4672,0.5814,0.1026,-0.5045,0.1251
SE01-LS-1,gated_wb,48,5.0,all,1359,0.4626,0.5787,0.1115,-0.5041,0.0846
SE01-LS-1,gated_wb_selected,48,,all,1359,0.4626,0.5787,0.1115,-0.5041,0.0846
SE01-LS-1,gated_wb,48,0.5,fired,180,0.7426,0.8768,0.3561,-5.6828,0.1325
SE01-LS-1,gated_wb,48,1.0,fired,176,0.7545,0.886,0.3559,-5.6828,0.1295
SE01-LS-1,gated_wb,48,2.0,fired,170,0.7715,0.8991,0.3562,-6.0243,0.1251
SE01-LS-1,gated_wb,48,5.0,fired,115,0.9438,1.0513,0.4209,-6.4555,0.0846
SE01-LS-1,gated_wb_selected,48,,fired,115,0.9438,1.0513,0.4209,-6.4555,0.0846
SE01-LS-2,persistence,6,,event,60,0.9313,1.7088,0.0,0.0,
SE01-LS-2,gated_wb,6,0.5,event,60,0.9313,1.7088,0.0,0.0,0.0343
SE01-LS-2,gated_wb,6,1.0,event,60,0.9313,1.7088,0.0,0.0,0.0343
SE01-LS-2,gated_wb,6,2.0,event,60,0.9313,1.7088,0.0,0.0,0.0314
SE01-LS-2,gated_wb,6,5.0,event,60,0.9313,1.7088,0.0,0.0,0.0228
SE01-LS-2,gated_wb_selected,6,,event,60,0.9313,1.7088,0.0,0.0,0.025
SE01-LS-2,persistence,6,,quiet,1341,0.0755,0.1011,0.0,0.0,
SE01-LS-2,gated_wb,6,0.5,quiet,1341,0.0754,0.101,0.001,0.0,0.0343
SE01-LS-2,gated_wb,6,1.0,quiet,1341,0.0754,0.101,0.001,0.0,0.0343
SE01-LS-2,gated_wb,6,2.0,quiet,1341,0.0754,0.101,0.001,0.0,0.0314
SE01-LS-2,gated_wb,6,5.0,quiet,1341,0.0756,0.1011,-0.0008,-0.0092,0.0228
SE01-LS-2,gated_wb_selected,6,,quiet,1341,0.0754,0.101,0.001,0.0,0.025
SE01-LS-2,persistence,6,,all,1401,0.1121,0.3672,0.0,0.0,
SE01-LS-2,gated_wb,6,0.5,all,1401,0.1121,0.3672,0.0006,0.0,0.0343
SE01-LS-2,gated_wb,6,1.0,all,1401,0.1121,0.3672,0.0006,0.0,0.0343
SE01-LS-2,gated_wb,6,2.0,all,1401,0.1121,0.3672,0.0006,0.0,0.0314
SE01-LS-2,gated_wb,6,5.0,all,1401,0.1122,0.3672,-0.0005,-0.0092,0.0228
SE01-LS-2,gated_wb_selected,6,,all,1401,0.1121,0.3672,0.0006,0.0,0.025
SE01-LS-2,gated_wb,6,0.5,fired,48,0.9364,1.8685,0.0023,0.0,0.0343
SE01-LS-2,gated_wb,6,1.0,fired,48,0.9364,1.8685,0.0023,0.0,0.0343
SE01-LS-2,gated_wb,6,2.0,fired,44,0.9879,1.9472,0.0023,0.0,0.0314
SE01-LS-2,gated_wb,6,5.0,fired,32,1.0409,2.0168,-0.0024,-0.3027,0.0228
SE01-LS-2,gated_wb_selected,6,,fired,35,0.955,1.9285,0.003,0.0,0.025
SE01-LS-2,persistence,12,,event,60,1.6289,2.3963,0.0,0.0,
SE01-LS-2,gated_wb,12,0.5,event,60,1.6289,2.3963,0.0,0.0,0.0444
SE01-LS-2,gated_wb,12,1.0,event,60,1.6289,2.3963,0.0,0.0,0.0444
SE01-LS-2,gated_wb,12,2.0,event,60,1.6289,2.3963,0.0,0.0,0.0423
SE01-LS-2,gated_wb,12,5.0,event,60,1.6289,2.3963,0.0,0.0,0.0337
SE01-LS-2,gated_wb_selected,12,,event,60,1.6289,2.3963,0.0,0.0,0.0337
SE01-LS-2,persistence,12,,quiet,1335,0.1107,0.1522,0.0,0.0,
SE01-LS-2,gated_wb,12,0.5,quiet,1335,0.1107,0.1522,0.0,0.0,0.0444
SE01-LS-2,gated_wb,12,1.0,quiet,1335,0.1107,0.1522,0.0,0.0,0.0444
SE01-LS-2,gated_wb,12,2.0,quiet,1335,0.1107,0.1522,0.0,0.0,0.0423
SE01-LS-2,gated_wb,12,5.0,quiet,1335,0.1107,0.1522,0.0,0.0,0.0337
SE01-LS-2,gated_wb_selected,12,,quiet,1335,0.1107,0.1522,0.0,0.0,0.0337
SE01-LS-2,persistence,12,,all,1395,0.176,0.5188,0.0,0.0,
SE01-LS-2,gated_wb,12,0.5,all,1395,0.176,0.5188,0.0,0.0,0.0444
SE01-LS-2,gated_wb,12,1.0,all,1395,0.176,0.5188,0.0,0.0,0.0444
SE01-LS-2,gated_wb,12,2.0,all,1395,0.176,0.5188,0.0,0.0,0.0423
SE01-LS-2,gated_wb,12,5.0,all,1395,0.176,0.5188,0.0,0.0,0.0337
SE01-LS-2,gated_wb_selected,12,,all,1395,0.176,0.5188,0.0,0.0,0.0337
SE01-LS-2,gated_wb,12,0.5,fired,62,1.454,2.3393,0.0,0.0,0.0444
SE01-LS-2,gated_wb,12,1.0,fired,62,1.454,2.3393,0.0,0.0,0.0444
SE01-LS-2,gated_wb,12,2.0,fired,59,1.5019,2.3938,0.0,0.0,0.0423
SE01-LS-2,gated_wb,12,5.0,fired,47,1.7372,2.6463,0.0,0.0,0.0337
SE01-LS-2,gated_wb_selected,12,,fired,47,1.7372,2.6463,0.0,0.0,0.0337
SE01-LS-2,persistence,24,,event,60,2.035,2.8725,0.0,0.0,
SE01-LS-2,gated_wb,24,0.5,event,60,1.6653,2.2718,0.1817,0.1817,0.0622
SE01-LS-2,gated_wb,24,1.0,event,60,1.6653,2.2718,0.1817,0.1817,0.0622
SE01-LS-2,gated_wb,24,2.0,event,60,1.6663,2.2719,0.1812,0.1812,0.06
SE01-LS-2,gated_wb,24,5.0,event,60,1.6695,2.2751,0.1796,0.1796,0.0513
SE01-LS-2,gated_wb_selected,24,,event,60,1.6695,2.2751,0.1796,0.1796,0.0513
SE01-LS-2,persistence,24,,quiet,1323,0.1816,0.2857,0.0,0.0,
SE01-LS-2,gated_wb,24,0.5,quiet,1323,0.2126,0.4098,-0.1707,-1.2064,0.0622
SE01-LS-2,gated_wb,24,1.0,quiet,1323,0.2126,0.4098,-0.1707,-1.2064,0.0622
SE01-LS-2,gated_wb,24,2.0,quiet,1323,0.2127,0.4098,-0.1711,-1.2064,0.06
SE01-LS-2,gated_wb,24,5.0,quiet,1323,0.2125,0.4097,-0.1697,-1.1939,0.0513
SE01-LS-2,gated_wb_selected,24,,quiet,1323,0.2125,0.4097,-0.1697,-1.1939,0.0513
SE01-LS-2,persistence,24,,all,1383,0.262,0.6603,0.0,0.0,
SE01-LS-2,gated_wb,24,0.5,all,1383,0.2757,0.6201,-0.052,-1.2064,0.0622
SE01-LS-2,gated_wb,24,1.0,all,1383,0.2757,0.6201,-0.052,-1.2064,0.0622
SE01-LS-2,gated_wb,24,2.0,all,1383,0.2758,0.6202,-0.0524,-1.2064,0.06
SE01-LS-2,gated_wb,24,5.0,all,1383,0.2757,0.6206,-0.052,-1.1939,0.0513
SE01-LS-2,gated_wb_selected,24,,all,1383,0.2757,0.6206,-0.052,-1.1939,0.0513
SE01-LS-2,gated_wb,24,0.5,fired,86,1.8869,2.3182,-0.1313,-5.108,0.0622
SE01-LS-2,gated_wb,24,1.0,fired,86,1.8869,2.3182,-0.1313,-5.108,0.0622
SE01-LS-2,gated_wb,24,2.0,fired,83,1.9499,2.3596,-0.1329,-5.108,0.06
SE01-LS-2,gated_wb,24,5.0,fired,71,2.2099,2.5333,-0.1366,-5.3307,0.0513
SE01-LS-2,gated_wb_selected,24,,fired,71,2.2099,2.5333,-0.1366,-5.3307,0.0513
SE01-LS-2,persistence,48,,event,60,3.0745,3.3445,0.0,0.0,
SE01-LS-2,gated_wb,48,0.5,event,60,2.3862,2.5778,0.2239,0.2239,0.1325
SE01-LS-2,gated_wb,48,1.0,event,60,2.3862,2.5778,0.2239,0.2239,0.1295
SE01-LS-2,gated_wb,48,2.0,event,60,2.3862,2.5778,0.2239,0.2239,0.1251
SE01-LS-2,gated_wb,48,5.0,event,60,2.3892,2.5783,0.2229,0.2229,0.0846
SE01-LS-2,gated_wb_selected,48,,event,60,2.3892,2.5783,0.2229,0.2229,0.0876
SE01-LS-2,persistence,48,,quiet,1299,0.3508,0.5048,0.0,0.0,
SE01-LS-2,gated_wb,48,0.5,quiet,1299,0.3568,0.46,-0.017,-0.3855,0.1325
SE01-LS-2,gated_wb,48,1.0,quiet,1299,0.3563,0.4602,-0.0156,-0.3855,0.1295
SE01-LS-2,gated_wb,48,2.0,quiet,1299,0.3565,0.461,-0.0162,-0.3821,0.1251
SE01-LS-2,gated_wb,48,5.0,quiet,1299,0.3542,0.4597,-0.0095,-0.3816,0.0846
SE01-LS-2,gated_wb_selected,48,,quiet,1299,0.3544,0.4599,-0.01,-0.3855,0.0876
SE01-LS-2,persistence,48,,all,1359,0.4711,0.8587,0.0,0.0,
SE01-LS-2,gated_wb,48,0.5,all,1359,0.4464,0.704,0.0524,-0.3855,0.1325
SE01-LS-2,gated_wb,48,1.0,all,1359,0.4459,0.7041,0.0534,-0.3855,0.1295
SE01-LS-2,gated_wb,48,2.0,all,1359,0.4461,0.7047,0.053,-0.3821,0.1251
SE01-LS-2,gated_wb,48,5.0,all,1359,0.444,0.7039,0.0574,-0.3816,0.0846
SE01-LS-2,gated_wb_selected,48,,all,1359,0.4442,0.704,0.0571,-0.3855,0.0876
SE01-LS-2,gated_wb,48,0.5,fired,180,1.1669,1.5761,0.1377,-3.8078,0.1325
SE01-LS-2,gated_wb,48,1.0,fired,176,1.1813,1.5913,0.1412,-3.8078,0.1295
SE01-LS-2,gated_wb,48,2.0,fired,170,1.2007,1.6123,0.1425,-4.1151,0.1251
SE01-LS-2,gated_wb,48,5.0,fired,115,1.5711,1.9291,0.1691,-4.4812,0.0846
SE01-LS-2,gated_wb_selected,48,,fired,119,1.5279,1.8974,0.1673,-3.8078,0.0876
SE01-LS-3,persistence,6,,event,65,1.0097,1.902,0.0,0.0,
SE01-LS-3,gated_wb,6,0.5,event,65,1.0097,1.902,0.0,0.0,0.0343
SE01-LS-3,gated_wb,6,1.0,event,65,1.0097,1.902,0.0,0.0,0.0343
SE01-LS-3,gated_wb,6,2.0,event,65,1.0097,1.902,0.0,0.0,0.0314
SE01-LS-3,gated_wb,6,5.0,event,65,1.0097,1.902,0.0,0.0,0.0228
SE01-LS-3,gated_wb_selected,6,,event,65,1.0097,1.902,0.0,0.0,0.0228
SE01-LS-3,persistence,6,,quiet,1336,0.0892,0.1223,0.0,0.0,
SE01-LS-3,gated_wb,6,0.5,quiet,1336,0.0892,0.1223,0.0,0.0,0.0343
SE01-LS-3,gated_wb,6,1.0,quiet,1336,0.0892,0.1223,0.0,0.0,0.0343
SE01-LS-3,gated_wb,6,2.0,quiet,1336,0.0892,0.1223,0.0,0.0,0.0314
SE01-LS-3,gated_wb,6,5.0,quiet,1336,0.0892,0.1223,0.0,0.0,0.0228
SE01-LS-3,gated_wb_selected,6,,quiet,1336,0.0892,0.1223,0.0,0.0,0.0228
SE01-LS-3,persistence,6,,all,1401,0.1319,0.4267,0.0,0.0,
SE01-LS-3,gated_wb,6,0.5,all,1401,0.1319,0.4267,0.0,0.0,0.0343
SE01-LS-3,gated_wb,6,1.0,all,1401,0.1319,0.4267,0.0,0.0,0.0343
SE01-LS-3,gated_wb,6,2.0,all,1401,0.1319,0.4267,0.0,0.0,0.0314
SE01-LS-3,gated_wb,6,5.0,all,1401,0.1319,0.4267,0.0,0.0,0.0228
SE01-LS-3,gated_wb_selected,6,,all,1401,0.1319,0.4267,0.0,0.0,0.0228
SE01-LS-3,gated_wb,6,0.5,fired,48,1.0899,2.1761,0.0,0.0,0.0343
SE01-LS-3,gated_wb,6,1.0,fired,48,1.0899,2.1761,0.0,0.0,0.0343
SE01-LS-3,gated_wb,6,2.0,fired,44,1.168,2.2713,0.0,0.0,0.0314
SE01-LS-3,gated_wb,6,5.0,fired,32,0.8165,1.5289,0.0,0.0,0.0228
SE01-LS-3,gated_wb_selected,6,,fired,32,0.8165,1.5289,0.0,0.0,0.0228
SE01-LS-3,persistence,12,,event,65,1.6494,2.4769,0.0,0.0,
SE01-LS-3,gated_wb,12,0.5,event,65,1.6494,2.4769,0.0,0.0,0.0444
SE01-LS-3,gated_wb,12,1.0,event,65,1.6494,2.4769,0.0,0.0,0.0444
SE01-LS-3,gated_wb,12,2.0,event,65,1.6494,2.4769,0.0,0.0,0.0423
SE01-LS-3,gated_wb,12,5.0,event,65,1.6494,2.4769,0.0,0.0,0.0337
SE01-LS-3,gated_wb_selected,12,,event,65,1.6494,2.4769,0.0,0.0,0.0337
SE01-LS-3,persistence,12,,quiet,1330,0.1384,0.1829,0.0,0.0,
SE01-LS-3,gated_wb,12,0.5,quiet,1330,0.1384,0.1829,0.0,0.0,0.0444
SE01-LS-3,gated_wb,12,1.0,quiet,1330,0.1384,0.1829,0.0,0.0,0.0444
SE01-LS-3,gated_wb,12,2.0,quiet,1330,0.1384,0.1829,0.0,0.0,0.0423
SE01-LS-3,gated_wb,12,5.0,quiet,1330,0.1384,0.1829,0.0,0.0,0.0337
SE01-LS-3,gated_wb_selected,12,,quiet,1330,0.1384,0.1829,0.0,0.0,0.0337
SE01-LS-3,persistence,12,,all,1395,0.2088,0.5637,0.0,0.0,
SE01-LS-3,gated_wb,12,0.5,all,1395,0.2088,0.5637,0.0,0.0,0.0444
SE01-LS-3,gated_wb,12,1.0,all,1395,0.2088,0.5637,0.0,0.0,0.0444
SE01-LS-3,gated_wb,12,2.0,all,1395,0.2088,0.5637,0.0,0.0,0.0423
SE01-LS-3,gated_wb,12,5.0,all,1395,0.2088,0.5637,0.0,0.0,0.0337
SE01-LS-3,gated_wb_selected,12,,all,1395,0.2088,0.5637,0.0,0.0,0.0337
SE01-LS-3,gated_wb,12,0.5,fired,62,1.531,2.5082,0.0,0.0,0.0444
SE01-LS-3,gated_wb,12,1.0,fired,62,1.531,2.5082,0.0,0.0,0.0444
SE01-LS-3,gated_wb,12,2.0,fired,59,1.5965,2.5702,0.0,0.0,0.0423
SE01-LS-3,gated_wb,12,5.0,fired,47,1.5829,2.4413,0.0,0.0,0.0337
SE01-LS-3,gated_wb_selected,12,,fired,47,1.5829,2.4413,0.0,0.0,0.0337
SE01-LS-3,persistence,24,,event,65,2.1668,2.9297,0.0,0.0,
SE01-LS-3,gated_wb,24,0.5,event,65,2.1044,2.8206,0.0288,0.0288,0.0622
SE01-LS-3,gated_wb,24,1.0,event,65,2.1044,2.8206,0.0288,0.0288,0.0622
SE01-LS-3,gated_wb,24,2.0,event,65,2.1052,2.8206,0.0284,0.0284,0.06
SE01-LS-3,gated_wb,24,5.0,event,65,2.1111,2.8354,0.0257,0.0257,0.0513
SE01-LS-3,gated_wb_selected,24,,event,65,2.1111,2.8354,0.0257,0.0257,0.0513
SE01-LS-3,persistence,24,,quiet,1318,0.1888,0.2712,0.0,0.0,
SE01-LS-3,gated_wb,24,0.5,quiet,1318,0.2088,0.3228,-0.1061,-0.5654,0.0622
SE01-LS-3,gated_wb,24,1.0,quiet,1318,0.2088,0.3228,-0.1061,-0.5654,0.0622
SE01-LS-3,gated_wb,24,2.0,quiet,1318,0.2089,0.3228,-0.1066,-0.5654,0.06
SE01-LS-3,gated_wb,24,5.0,quiet,1318,0.2087,0.3227,-0.1056,-0.5591,0.0513
SE01-LS-3,gated_wb_selected,24,,quiet,1318,0.2087,0.3227,-0.1056,-0.5591,0.0513
SE01-LS-3,persistence,24,,all,1383,0.2818,0.6881,0.0,0.0,
SE01-LS-3,gated_wb,24,0.5,all,1383,0.2979,0.6879,-0.0573,-0.5654,0.0622
SE01-LS-3,gated_wb,24,1.0,all,1383,0.2979,0.6879,-0.0573,-0.5654,0.0622
SE01-LS-3,gated_wb,24,2.0,all,1383,0.2981,0.6879,-0.0578,-0.5654,0.06
SE01-LS-3,gated_wb,24,5.0,all,1383,0.2982,0.6907,-0.0582,-0.5591,0.0513
SE01-LS-3,gated_wb_selected,24,,all,1383,0.2982,0.6907,-0.0582,-0.5591,0.0513
SE01-LS-3,gated_wb,24,0.5,fired,86,1.9639,2.5546,-0.1524,-5.5047,0.0622
SE01-LS-3,gated_wb,24,1.0,fired,86,1.9639,2.5546,-0.1524,-5.5047,0.0622
SE01-LS-3,gated_wb,24,2.0,fired,83,2.0269,2.5999,-0.1546,-5.5047,0.06
SE01-LS-3,gated_wb,24,5.0,fired,71,2.095,2.5515,-0.1798,-6.1335,0.0513
SE01-LS-3,gated_wb_selected,24,,fired,71,2.095,2.5515,-0.1798,-6.1335,0.0513
SE01-LS-3,persistence,48,,event,65,3.1285,3.3353,0.0,0.0,
SE01-LS-3,gated_wb,48,0.5,event,65,2.3836,2.71,0.2381,0.2381,0.1325
SE01-LS-3,gated_wb,48,1.0,event,65,2.3836,2.71,0.2381,0.2381,0.1295
SE01-LS-3,gated_wb,48,2.0,event,65,2.3836,2.71,0.2381,0.2381,0.1251
SE01-LS-3,gated_wb,48,5.0,event,65,2.3847,2.7081,0.2377,0.2377,0.0846
SE01-LS-3,gated_wb_selected,48,,event,65,2.3847,2.7081,0.2377,0.2377,0.0876
SE01-LS-3,persistence,48,,quiet,1294,0.3698,0.515,0.0,0.0,
SE01-LS-3,gated_wb,48,0.5,quiet,1294,0.366,0.5053,0.0103,-0.0003,0.1325
SE01-LS-3,gated_wb,48,1.0,quiet,1294,0.3671,0.5066,0.0075,-0.0117,0.1295
SE01-LS-3,gated_wb,48,2.0,quiet,1294,0.3671,0.5069,0.0073,-0.0167,0.1251
SE01-LS-3,gated_wb,48,5.0,quiet,1294,0.3657,0.506,0.011,0.0,0.0846
SE01-LS-3,gated_wb_selected,48,,quiet,1294,0.3666,0.5068,0.0087,0.0,0.0876
SE01-LS-3,persistence,48,,all,1359,0.5018,0.8858,0.0,0.0,
SE01-LS-3,gated_wb,48,0.5,all,1359,0.4625,0.771,0.0782,-0.0003,0.1325
SE01-LS-3,gated_wb,48,1.0,all,1359,0.4635,0.7717,0.0762,-0.0117,0.1295
SE01-LS-3,gated_wb,48,2.0,all,1359,0.4636,0.772,0.0761,-0.0167,0.1251
SE01-LS-3,gated_wb,48,5.0,all,1359,0.4623,0.7711,0.0786,0.0,0.0846
SE01-LS-3,gated_wb_selected,48,,all,1359,0.4631,0.7716,0.077,0.0,0.0876
SE01-LS-3,gated_wb,48,0.5,fired,180,1.0834,1.6656,0.2148,-0.0013,0.1325
SE01-LS-3,gated_wb,48,1.0,fired,176,1.0985,1.6831,0.2119,-0.0491,0.1295
SE01-LS-3,gated_wb,48,2.0,fired,170,1.1162,1.7085,0.2148,-0.0742,0.1251
SE01-LS-3,gated_wb,48,5.0,fired,115,1.3787,2.0006,0.2527,0.2483,0.0846
SE01-LS-3,gated_wb_selected,48,,fired,119,1.3496,1.9693,0.2463,0.1931,0.0876
SE01-LS-4,persistence,6,,event,31,1.3532,1.9487,0.0,0.0,
SE01-LS-4,gated_wb,6,0.5,event,31,1.3619,1.9326,-0.0064,-0.0064,0.0343
SE01-LS-4,gated_wb,6,1.0,event,31,1.3619,1.9326,-0.0064,-0.0064,0.0343
SE01-LS-4,gated_wb,6,2.0,event,31,1.3621,1.9326,-0.0066,-0.0066,0.0314
SE01-LS-4,gated_wb,6,5.0,event,31,1.364,1.9331,-0.008,-0.008,0.0228
SE01-LS-4,gated_wb_selected,6,,event,31,1.364,1.9331,-0.008,-0.008,0.0228
SE01-LS-4,persistence,6,,quiet,1370,0.0512,0.0802,0.0,0.0,
SE01-LS-4,gated_wb,6,0.5,quiet,1370,0.0517,0.0805,-0.0086,-0.1057,0.0343
SE01-LS-4,gated_wb,6,1.0,quiet,1370,0.0517,0.0805,-0.0086,-0.1057,0.0343
SE01-LS-4,gated_wb,6,2.0,quiet,1370,0.0517,0.0805,-0.0086,-0.1057,0.0314
SE01-LS-4,gated_wb,6,5.0,quiet,1370,0.0516,0.0804,-0.0073,-0.0989,0.0228
SE01-LS-4,gated_wb_selected,6,,quiet,1370,0.0516,0.0804,-0.0073,-0.0989,0.0228
SE01-LS-4,persistence,6,,all,1401,0.08,0.3005,0.0,0.0,
SE01-LS-4,gated_wb,6,0.5,all,1401,0.0806,0.2983,-0.0078,-0.1057,0.0343
SE01-LS-4,gated_wb,6,1.0,all,1401,0.0806,0.2983,-0.0078,-0.1057,0.0343
SE01-LS-4,gated_wb,6,2.0,all,1401,0.0807,0.2983,-0.0078,-0.1057,0.0314
SE01-LS-4,gated_wb,6,5.0,all,1401,0.0806,0.2984,-0.0076,-0.0989,0.0228
SE01-LS-4,gated_wb_selected,6,,all,1401,0.0806,0.2984,-0.0076,-0.0989,0.0228
SE01-LS-4,gated_wb,6,0.5,fired,48,0.8781,1.5361,-0.0211,-0.7846,0.0343
SE01-LS-4,gated_wb,6,1.0,fired,48,0.8781,1.5361,-0.0211,-0.7846,0.0343
SE01-LS-4,gated_wb,6,2.0,fired,44,0.9414,1.603,-0.0217,-0.7846,0.0314
SE01-LS-4,gated_wb,6,5.0,fired,32,1.224,1.872,-0.0221,-1.1476,0.0228
SE01-LS-4,gated_wb_selected,6,,fired,32,1.224,1.872,-0.0221,-1.1476,0.0228
SE01-LS-4,persistence,12,,event,31,2.2864,2.7271,0.0,0.0,
SE01-LS-4,gated_wb,12,0.5,event,31,2.2975,2.6678,-0.0048,-0.0048,0.0444
SE01-LS-4,gated_wb,12,1.0,event,31,2.2975,2.6678,-0.0048,-0.0048,0.0444
SE01-LS-4,gated_wb,12,2.0,event,31,2.2975,2.6678,-0.0048,-0.0048,0.0423
SE01-LS-4,gated_wb,12,5.0,event,31,2.294,2.6678,-0.0033,-0.0033,0.0337
SE01-LS-4,gated_wb_selected,12,,event,31,2.294,2.6678,-0.0033,-0.0033,0.0337
SE01-LS-4,persistence,12,,quiet,1364,0.0809,0.119,0.0,0.0,
SE01-LS-4,gated_wb,12,0.5,quiet,1364,0.0821,0.122,-0.0147,-0.1267,0.0444
SE01-LS-4,gated_wb,12,1.0,quiet,1364,0.0821,0.122,-0.0147,-0.1267,0.0444
SE01-LS-4,gated_wb,12,2.0,quiet,1364,0.0821,0.122,-0.0146,-0.1267,0.0423
SE01-LS-4,gated_wb,12,5.0,quiet,1364,0.082,0.1219,-0.0139,-0.1309,0.0337
SE01-LS-4,gated_wb_selected,12,,quiet,1364,0.082,0.1219,-0.0139,-0.1309,0.0337
SE01-LS-4,persistence,12,,all,1395,0.1299,0.4232,0.0,0.0,
SE01-LS-4,gated_wb,12,0.5,all,1395,0.1313,0.4156,-0.0108,-0.1267,0.0444
SE01-LS-4,gated_wb,12,1.0,all,1395,0.1313,0.4156,-0.0108,-0.1267,0.0444
SE01-LS-4,gated_wb,12,2.0,all,1395,0.1313,0.4156,-0.0108,-0.1267,0.0423
SE01-LS-4,gated_wb,12,5.0,all,1395,0.1312,0.4156,-0.0098,-0.1309,0.0337
SE01-LS-4,gated_wb_selected,12,,all,1395,0.1312,0.4156,-0.0098,-0.1309,0.0337
SE01-LS-4,gated_wb,12,0.5,fired,62,1.3017,1.9063,-0.0249,-0.4596,0.0444
SE01-LS-4,gated_wb,12,1.0,fired,62,1.3017,1.9063,-0.0249,-0.4596,0.0444
SE01-LS-4,gated_wb,12,2.0,fired,59,1.3546,1.9522,-0.0251,-0.4596,0.0423
SE01-LS-4,gated_wb,12,5.0,fired,47,1.6421,2.1811,-0.0234,-0.5812,0.0337
SE01-LS-4,gated_wb_selected,12,,fired,47,1.6421,2.1811,-0.0234,-0.5812,0.0337
SE01-LS-4,persistence,24,,event,31,2.6878,2.9633,0.0,0.0,
SE01-LS-4,gated_wb,24,0.5,event,31,2.3514,2.654,0.1252,0.1252,0.0622
SE01-LS-4,gated_wb,24,1.0,event,31,2.3514,2.654,0.1252,0.1252,0.0622
SE01-LS-4,gated_wb,24,2.0,event,31,2.3514,2.654,0.1252,0.1252,0.06
SE01-LS-4,gated_wb,24,5.0,event,31,2.3467,2.6539,0.1269,0.1269,0.0513
SE01-LS-4,gated_wb_selected,24,,event,31,2.3467,2.6539,0.1269,0.1269,0.0513
SE01-LS-4,persistence,24,,quiet,1352,0.146,0.2586,0.0,0.0,
SE01-LS-4,gated_wb,24,0.5,quiet,1352,0.1619,0.3113,-0.1088,-1.0915,0.0622
SE01-LS-4,gated_wb,24,1.0,quiet,1352,0.1619,0.3113,-0.1088,-1.0915,0.0622
SE01-LS-4,gated_wb,24,2.0,quiet,1352,0.162,0.3113,-0.109,-1.0915,0.06
SE01-LS-4,gated_wb,24,5.0,quiet,1352,0.1619,0.3112,-0.1085,-1.0902,0.0513
SE01-LS-4,gated_wb_selected,24,,quiet,1352,0.1619,0.3112,-0.1085,-1.0902,0.0513
SE01-LS-4,persistence,24,,all,1383,0.203,0.5121,0.0,0.0,
SE01-LS-4,gated_wb,24,0.5,all,1383,0.211,0.5026,-0.0393,-1.0915,0.0622
SE01-LS-4,gated_wb,24,1.0,all,1383,0.211,0.5026,-0.0393,-1.0915,0.0622
SE01-LS-4,gated_wb,24,2.0,all,1383,0.211,0.5026,-0.0395,-1.0915,0.06
SE01-LS-4,gated_wb,24,5.0,all,1383,0.2109,0.5025,-0.0386,-1.0902,0.0513
SE01-LS-4,gated_wb_selected,24,,all,1383,0.2109,0.5025,-0.0386,-1.0902,0.0513
SE01-LS-4,gated_wb,24,0.5,fired,86,1.5087,1.9281,-0.0931,-3.1345,0.0622
SE01-LS-4,gated_wb,24,1.0,fired,86,1.5087,1.9281,-0.0931,-3.1345,0.0622
SE01-LS-4,gated_wb,24,2.0,fired,83,1.5549,1.962,-0.0941,-3.1345,0.06
SE01-LS-4,gated_wb,24,5.0,fired,71,1.7837,2.1189,-0.0937,-3.4585,0.0513
SE01-LS-4,gated_wb_selected,24,,fired,71,1.7837,2.1189,-0.0937,-3.4585,0.0513
SE01-LS-4,persistence,48,,event,31,2.5977,2.8615,0.0,0.0,
SE01-LS-4,gated_wb,48,0.5,event,31,1.8126,2.1883,0.3022,0.3022,0.1325
SE01-LS-4,gated_wb,48,1.0,event,31,1.8126,2.1883,0.3022,0.3022,0.1295
SE01-LS-4,gated_wb,48,2.0,event,31,1.8126,2.1883,0.3022,0.3022,0.1251
SE01-LS-4,gated_wb,48,5.0,event,31,1.8126,2.1883,0.3022,0.3022,0.0846
SE01-LS-4,gated_wb_selected,48,,event,31,1.8126,2.1883,0.3022,0.3022,0.1236
SE01-LS-4,persistence,48,,quiet,1328,0.2899,0.4257,0.0,0.0,
SE01-LS-4,gated_wb,48,0.5,quiet,1328,0.2901,0.4259,-0.0006,-0.1624,0.1325
SE01-LS-4,gated_wb,48,1.0,quiet,1328,0.2899,0.4261,0.0002,-0.1624,0.1295
SE01-LS-4,gated_wb,48,2.0,quiet,1328,0.2901,0.4266,-0.0004,-0.1623,0.1251
SE01-LS-4,gated_wb,48,5.0,quiet,1328,0.2882,0.4256,0.0059,-0.161,0.0846
SE01-LS-4,gated_wb_selected,48,,quiet,1328,0.2904,0.4266,-0.0017,-0.161,0.1236
SE01-LS-4,persistence,48,,all,1359,0.3426,0.6032,0.0,0.0,
SE01-LS-4,gated_wb,48,0.5,all,1359,0.3249,0.5353,0.0517,-0.1624,0.1325
SE01-LS-4,gated_wb,48,1.0,all,1359,0.3246,0.5354,0.0524,-0.1624,0.1295
SE01-LS-4,gated_wb,48,2.0,all,1359,0.3248,0.5358,0.0519,-0.1623,0.1251
SE01-LS-4,gated_wb,48,5.0,all,1359,0.323,0.535,0.0572,-0.161,0.0846
SE01-LS-4,gated_wb_selected,48,,all,1359,0.3252,0.5358,0.0509,-0.161,0.1236
SE01-LS-4,gated_wb,48,0.5,fired,180,0.8446,1.2844,0.1368,-1.2664,0.1325
SE01-LS-4,gated_wb,48,1.0,fired,176,0.856,1.2973,0.1395,-1.2664,0.1295
SE01-LS-4,gated_wb,48,2.0,fired,170,0.8718,1.3161,0.1402,-1.2959,0.1251
SE01-LS-4,gated_wb,48,5.0,fired,115,1.147,1.5801,0.1679,-1.3329,0.0846
SE01-LS-4,gated_wb_selected,48,,fired,168,0.8647,1.3164,0.1402,-1.3329,0.1236
SE0X-LS-1,persistence,6,,event,0,,,,,
SE0X-LS-1,gated_wb,6,0.5,event,0,,,,,0.0343
SE0X-LS-1,gated_wb,6,1.0,event,0,,,,,0.0343
SE0X-LS-1,gated_wb,6,2.0,event,0,,,,,0.0314
SE0X-LS-1,gated_wb,6,5.0,event,0,,,,,0.0228
SE0X-LS-1,gated_wb_selected,6,,event,0,,,,,0.0228
SE0X-LS-1,persistence,6,,quiet,1401,0.0644,0.1346,0.0,0.0,
SE0X-LS-1,gated_wb,6,0.5,quiet,1401,0.0646,0.1336,-0.0022,-0.0729,0.0343
SE0X-LS-1,gated_wb,6,1.0,quiet,1401,0.0646,0.1336,-0.0022,-0.0729,0.0343
SE0X-LS-1,gated_wb,6,2.0,quiet,1401,0.0646,0.1337,-0.0027,-0.0729,0.0314
SE0X-LS-1,gated_wb,6,5.0,quiet,1401,0.0646,0.1337,-0.0029,-0.0731,0.0228
SE0X-LS-1,gated_wb_selected,6,,quiet,1401,0.0646,0.1337,-0.0029,-0.0731,0.0228
SE0X-LS-1,persistence,6,,all,1401,0.0644,0.1346,0.0,0.0,
SE0X-LS-1,gated_wb,6,0.5,all,1401,0.0646,0.1336,-0.0022,-0.0729,0.0343
SE0X-LS-1,gated_wb,6,1.0,all,1401,0.0646,0.1336,-0.0022,-0.0729,0.0343
SE0X-LS-1,gated_wb,6,2.0,all,1401,0.0646,0.1337,-0.0027,-0.0729,0.0314
SE0X-LS-1,gated_wb,6,5.0,all,1401,0.0646,0.1337,-0.0029,-0.0731,0.0228
SE0X-LS-1,gated_wb_selected,6,,all,1401,0.0646,0.1337,-0.0029,-0.0731,0.0228
SE0X-LS-1,gated_wb,6,0.5,fired,48,0.3338,0.6252,-0.0123,-0.9311,0.0343
SE0X-LS-1,gated_wb,6,1.0,fired,48,0.3338,0.6252,-0.0123,-0.9311,0.0343
SE0X-LS-1,gated_wb,6,2.0,fired,44,0.3546,0.6519,-0.0156,-0.9311,0.0314
SE0X-LS-1,gated_wb,6,5.0,fired,32,0.4675,0.7624,-0.0178,-1.118,0.0228
SE0X-LS-1,gated_wb_selected,6,,fired,32,0.4675,0.7624,-0.0178,-1.118,0.0228
SE0X-LS-1,persistence,12,,event,0,,,,,
SE0X-LS-1,gated_wb,12,0.5,event,0,,,,,0.0444
SE0X-LS-1,gated_wb,12,1.0,event,0,,,,,0.0444
SE0X-LS-1,gated_wb,12,2.0,event,0,,,,,0.0423
SE0X-LS-1,gated_wb,12,5.0,event,0,,,,,0.0337
SE0X-LS-1,gated_wb_selected,12,,event,0,,,,,0.0337
SE0X-LS-1,persistence,12,,quiet,1395,0.0997,0.2112,0.0,0.0,
SE0X-LS-1,gated_wb,12,0.5,quiet,1395,0.1019,0.2085,-0.0218,-0.3541,0.0444
SE0X-LS-1,gated_wb,12,1.0,quiet,1395,0.1019,0.2085,-0.0218,-0.3541,0.0444
SE0X-LS-1,gated_wb,12,2.0,quiet,1395,0.1019,0.2086,-0.022,-0.3541,0.0423
SE0X-LS-1,gated_wb,12,5.0,quiet,1395,0.1019,0.2086,-0.0221,-0.3551,0.0337
SE0X-LS-1,gated_wb_selected,12,,quiet,1395,0.1019,0.2086,-0.0221,-0.3551,0.0337
SE0X-LS-1,persistence,12,,all,1395,0.0997,0.2112,0.0,0.0,
SE0X-LS-1,gated_wb,12,0.5,all,1395,0.1019,0.2085,-0.0218,-0.3541,0.0444
SE0X-LS-1,gated_wb,12,1.0,all,1395,0.1019,0.2085,-0.0218,-0.3541,0.0444
SE0X-LS-1,gated_wb,12,2.0,all,1395,0.1019,0.2086,-0.022,-0.3541,0.0423
SE0X-LS-1,gated_wb,12,5.0,all,1395,0.1019,0.2086,-0.0221,-0.3551,0.0337
SE0X-LS-1,gated_wb_selected,12,,all,1395,0.1019,0.2086,-0.0221,-0.3551,0.0337
SE0X-LS-1,gated_wb,12,0.5,fired,62,0.5534,0.8784,-0.097,-2.9347,0.0444
SE0X-LS-1,gated_wb,12,1.0,fired,62,0.5534,0.8784,-0.097,-2.9347,0.0444
SE0X-LS-1,gated_wb,12,2.0,fired,59,0.5717,0.899,-0.0996,-2.9347,0.0423
SE0X-LS-1,gated_wb,12,5.0,fired,47,0.696,1.0049,-0.1035,-3.3302,0.0337
SE0X-LS-1,gated_wb_selected,12,,fired,47,0.696,1.0049,-0.1035,-3.3302,0.0337
SE0X-LS-1,persistence,24,,event,0,,,,,
SE0X-LS-1,gated_wb,24,0.5,event,0,,,,,0.0622
SE0X-LS-1,gated_wb,24,1.0,event,0,,,,,0.0622
SE0X-LS-1,gated_wb,24,2.0,event,0,,,,,0.06
SE0X-LS-1,gated_wb,24,5.0,event,0,,,,,0.0513
SE0X-LS-1,gated_wb_selected,24,,event,0,,,,,0.0513
SE0X-LS-1,persistence,24,,quiet,1383,0.154,0.3005,0.0,0.0,
SE0X-LS-1,gated_wb,24,0.5,quiet,1383,0.1584,0.2899,-0.0285,-0.5177,0.0622
SE0X-LS-1,gated_wb,24,1.0,quiet,1383,0.1584,0.2899,-0.0285,-0.5177,0.0622
SE0X-LS-1,gated_wb,24,2.0,quiet,1383,0.1584,0.29,-0.0288,-0.5177,0.06
SE0X-LS-1,gated_wb,24,5.0,quiet,1383,0.1585,0.29,-0.0294,-0.5176,0.0513
SE0X-LS-1,gated_wb_selected,24,,quiet,1383,0.1585,0.29,-0.0294,-0.5176,0.0513
SE0X-LS-1,persistence,24,,all,1383,0.154,0.3005,0.0,0.0,
SE0X-LS-1,gated_wb,24,0.5,all,1383,0.1584,0.2899,-0.0285,-0.5177,0.0622
SE0X-LS-1,gated_wb,24,1.0,all,1383,0.1584,0.2899,-0.0285,-0.5177,0.0622
SE0X-LS-1,gated_wb,24,2.0,all,1383,0.1584,0.29,-0.0288,-0.5177,0.06
SE0X-LS-1,gated_wb,24,5.0,all,1383,0.1585,0.29,-0.0294,-0.5176,0.0513
SE0X-LS-1,gated_wb_selected,24,,all,1383,0.1585,0.29,-0.0294,-0.5176,0.0513
SE0X-LS-1,gated_wb,24,0.5,fired,86,0.7562,1.0277,-0.1028,-2.6594,0.0622
SE0X-LS-1,gated_wb,24,1.0,fired,86,0.7562,1.0277,-0.1028,-2.6594,0.0622
SE0X-LS-1,gated_wb,24,2.0,fired,83,0.7781,1.0455,-0.1051,-2.6594,0.06
SE0X-LS-1,gated_wb,24,5.0,fired,71,0.8876,1.1288,-0.1101,-2.9142,0.0513
SE0X-LS-1,gated_wb_selected,24,,fired,71,0.8876,1.1288,-0.1101,-2.9142,0.0513
SE0X-LS-1,persistence,48,,event,0,,,,,
SE0X-LS-1,gated_wb,48,0.5,event,0,,,,,0.1325
SE0X-LS-1,gated_wb,48,1.0,event,0,,,,,0.1295
SE0X-LS-1,gated_wb,48,2.0,event,0,,,,,0.1251
SE0X-LS-1,gated_wb,48,5.0,event,0,,,,,0.0846
SE0X-LS-1,gated_wb_selected,48,,event,0,,,,,0.0876
SE0X-LS-1,persistence,48,,quiet,1359,0.2928,0.4359,0.0,0.0,
SE0X-LS-1,gated_wb,48,0.5,quiet,1359,0.2541,0.2979,0.1323,-0.268,0.1325
SE0X-LS-1,gated_wb,48,1.0,quiet,1359,0.2543,0.2981,0.1316,-0.268,0.1295
SE0X-LS-1,gated_wb,48,2.0,quiet,1359,0.2548,0.2984,0.1299,-0.2633,0.1251
SE0X-LS-1,gated_wb,48,5.0,quiet,1359,0.2569,0.3001,0.1228,-0.263,0.0846
SE0X-LS-1,gated_wb_selected,48,,quiet,1359,0.257,0.3002,0.1222,-0.268,0.0876
SE0X-LS-1,persistence,48,,all,1359,0.2928,0.4359,0.0,0.0,
SE0X-LS-1,gated_wb,48,0.5,all,1359,0.2541,0.2979,0.1323,-0.268,0.1325
SE0X-LS-1,gated_wb,48,1.0,all,1359,0.2543,0.2981,0.1316,-0.268,0.1295
SE0X-LS-1,gated_wb,48,2.0,all,1359,0.2548,0.2984,0.1299,-0.2633,0.1251
SE0X-LS-1,gated_wb,48,5.0,all,1359,0.2569,0.3001,0.1228,-0.263,0.0846
SE0X-LS-1,gated_wb_selected,48,,all,1359,0.257,0.3002,0.1222,-0.268,0.0876
SE0X-LS-1,gated_wb,48,0.5,fired,180,0.3491,0.428,0.4558,-2.2224,0.1325
SE0X-LS-1,gated_wb,48,1.0,fired,176,0.3537,0.4322,0.4569,-2.2224,0.1295
SE0X-LS-1,gated_wb,48,2.0,fired,170,0.361,0.4383,0.4572,-2.2964,0.1251
SE0X-LS-1,gated_wb,48,5.0,fired,115,0.4433,0.5148,0.4896,-2.4052,0.0846
SE0X-LS-1,gated_wb_selected,48,,fired,119,0.435,0.5078,0.4845,-2.2224,0.0876
