device,fold,model,n,n_event,n_censored,ibs,brier_6h,brier_12h,brier_24h,brier_48h,skill_vs_km-train,skill_vs_drydown-clock,skill_vs_gauss-continuous
SE01-LS-1,0,drydown-clock,403,355,0,0.590726,0.101737,0.312655,0.751861,0.880893,-2.084376,0.000000,-2.494666
SE01-LS-1,0,fhs-discrete,403,355,0,0.180988,0.097341,0.209184,0.232170,0.155038,0.055000,0.693617,-0.070706
SE01-LS-1,0,fhs-hazard-blend,403,355,0,0.149023,0.084758,0.174488,0.202760,0.112011,0.221902,0.747729,0.118397
SE01-LS-1,0,gauss-continuous,403,355,0,0.169036,0.165619,0.248768,0.184310,0.115253,0.117405,0.713850,0.000000
SE01-LS-1,0,gauss-discrete,403,355,0,0.174250,0.116695,0.217954,0.212602,0.141548,0.090181,0.705023,-0.030845
SE01-LS-1,0,hazard-glm,403,355,0,0.133470,0.083369,0.159237,0.185797,0.095594,0.303108,0.774058,0.210407
SE01-LS-1,0,km-train,403,355,0,0.191522,0.091629,0.222181,0.262076,0.151984,0.000000,0.675785,-0.133022
SE01-LS-1,1,drydown-clock,144,49,47,0.138813,0.000000,0.000000,0.032789,0.451925,0.343191,0.000000,0.108761
SE01-LS-1,1,fhs-discrete,144,49,47,0.120092,0.001722,0.017901,0.109959,0.247580,0.431774,0.134869,0.228961
SE01-LS-1,1,fhs-hazard-blend,144,49,47,0.165124,0.005067,0.041514,0.201127,0.281028,0.218698,-0.189542,-0.060167
SE01-LS-1,1,gauss-continuous,144,49,47,0.155753,0.008710,0.054790,0.177958,0.261894,0.263039,-0.122033,0.000000
SE01-LS-1,1,gauss-discrete,144,49,47,0.132741,0.003848,0.032831,0.135846,0.250275,0.371926,0.043749,0.147751
SE01-LS-1,1,hazard-glm,144,49,47,0.236247,0.012015,0.084262,0.327429,0.349510,-0.117827,-0.701906,-0.516805
SE01-LS-1,1,km-train,144,49,47,0.211345,0.007745,0.062591,0.285569,0.311897,0.000000,-0.522513,-0.356924
SE01-LS-1,2,drydown-clock,389,98,26,0.077777,0.002591,0.010486,0.010486,0.269512,0.642360,0.000000,0.014210
SE01-LS-1,2,fhs-discrete,389,98,26,0.073438,0.002560,0.010597,0.017620,0.228152,0.662311,0.055785,0.069202
SE01-LS-1,2,fhs-hazard-blend,389,98,26,0.083661,0.002906,0.014761,0.045485,0.230230,0.615302,-0.075655,-0.060369
SE01-LS-1,2,gauss-continuous,389,98,26,0.078898,0.002545,0.011618,0.027208,0.233231,0.637204,-0.014415,0.000000
SE01-LS-1,2,gauss-discrete,389,98,26,0.074997,0.002553,0.010974,0.021908,0.227086,0.655143,0.035745,0.049447
SE01-LS-1,2,hazard-glm,389,98,26,0.114733,0.004564,0.028700,0.103504,0.255351,0.472427,-0.475148,-0.454186
SE01-LS-1,2,km-train,389,98,26,0.217473,0.008931,0.059943,0.258031,0.376819,0.000000,-1.796104,-1.756371
SE01-LS-1,3,drydown-clock,402,212,0,0.153141,0.000000,0.009950,0.024876,0.527363,0.091703,0.000000,-0.446441
SE01-LS-1,3,fhs-discrete,402,212,0,0.110100,0.000000,0.009944,0.024988,0.297084,0.346983,0.281053,-0.039915
SE01-LS-1,3,fhs-hazard-blend,402,212,0,0.101855,0.000137,0.009784,0.028009,0.283071,0.395883,0.334890,0.037957
SE01-LS-1,3,gauss-continuous,402,212,0,0.105874,0.000000,0.009944,0.026054,0.282532,0.372047,0.308648,0.000000
SE01-LS-1,3,gauss-discrete,402,212,0,0.108082,0.000000,0.009946,0.025427,0.291692,0.358954,0.294233,-0.020851
SE01-LS-1,3,hazard-glm,402,212,0,0.097595,0.000549,0.012092,0.038407,0.278181,0.421149,0.362707,0.078193
SE01-LS-1,3,km-train,402,212,0,0.168602,0.005313,0.048340,0.204700,0.260239,0.000000,-0.100962,-0.592477
SE01-LS-1,4,drydown-clock,71,0,47,0.000000,0.000000,0.000000,0.000000,0.000000,1.000000,,1.000000
SE01-LS-1,4,fhs-discrete,71,0,47,0.014688,0.000000,0.000000,0.000145,0.107704,0.914724,,0.266216
SE01-LS-1,4,fhs-hazard-blend,71,0,47,0.017025,0.000079,0.000746,0.004604,0.087237,0.901155,,0.149454
SE01-LS-1,4,gauss-continuous,71,0,47,0.020016,0.000000,0.000000,0.000289,0.133854,0.883786,,0.000000
SE01-LS-1,4,gauss-discrete,71,0,47,0.016326,0.000000,0.000000,0.000175,0.113809,0.905210,,0.184354
SE01-LS-1,4,hazard-glm,71,0,47,0.022299,0.000317,0.002980,0.015326,0.069084,0.870534,,-0.114026
SE01-LS-1,4,km-train,71,0,47,0.172237,0.004087,0.033436,0.158183,0.403001,0.000000,,-7.604807
SE01-LS-2,0,drydown-clock,403,373,0,0.498914,0.116625,0.196030,0.434243,0.925558,-1.578686,0.000000,-1.292748
SE01-LS-2,0,fhs-discrete,403,373,0,0.163209,0.101208,0.178679,0.234021,0.116037,0.156440,0.672872,0.249978
SE01-LS-2,0,fhs-hazard-blend,403,373,0,0.145637,0.095618,0.147315,0.216489,0.089854,0.247262,0.708093,0.330730
SE01-LS-2,0,gauss-continuous,403,373,0,0.217605,0.247511,0.332097,0.306101,0.079574,-0.124714,0.563842,0.000000
SE01-LS-2,0,gauss-discrete,403,373,0,0.183876,0.159514,0.246527,0.262835,0.098356,0.049619,0.631448,0.155002
SE01-LS-2,0,hazard-glm,403,373,0,0.142765,0.104477,0.146247,0.225503,0.073683,0.262105,0.713848,0.343927
SE01-LS-2,0,km-train,403,373,0,0.193476,0.104685,0.160579,0.273995,0.116716,0.000000,0.612206,0.110885
SE01-LS-2,1,drydown-clock,144,47,47,0.163744,0.000000,0.000000,0.041054,0.411591,-0.100976,0.000000,0.113366
SE01-LS-2,1,fhs-discrete,144,47,47,0.127880,0.002816,0.022551,0.132758,0.251495,0.140164,0.219024,0.307560
SE01-LS-2,1,fhs-hazard-blend,144,47,47,0.132334,0.003551,0.019745,0.115973,0.290079,0.110214,0.191821,0.283441
SE01-LS-2,1,gauss-continuous,144,47,47,0.184680,0.020849,0.094269,0.243317,0.284257,-0.241748,-0.127861,0.000000
SE01-LS-2,1,gauss-discrete,144,47,47,0.154807,0.009730,0.058722,0.188639,0.262252,-0.040890,0.054576,0.161755
SE01-LS-2,1,hazard-glm,144,47,47,0.141318,0.004920,0.018397,0.101333,0.346538,0.049812,0.136959,0.234798
SE01-LS-2,1,km-train,144,47,47,0.148726,0.006941,0.024603,0.113475,0.350460,0.000000,0.091715,0.194684
SE01-LS-2,2,drydown-clock,389,74,39,0.046373,0.000000,0.000000,0.005464,0.208524,0.713789,0.000000,0.269143
SE01-LS-2,2,fhs-discrete,389,74,39,0.048145,0.000039,0.000607,0.014113,0.172488,0.702849,-0.038224,0.241207
SE01-LS-2,2,fhs-hazard-blend,389,74,39,0.059015,0.000422,0.002088,0.019241,0.200042,0.635761,-0.272623,0.069894
SE01-LS-2,2,gauss-continuous,389,74,39,0.063450,0.000106,0.003225,0.033398,0.192114,0.608390,-0.368257,0.000000
SE01-LS-2,2,gauss-discrete,389,74,39,0.055960,0.000040,0.001774,0.024755,0.180456,0.654615,-0.206748,0.118040
SE01-LS-2,2,hazard-glm,389,74,39,0.077863,0.001380,0.005175,0.027503,0.247180,0.519431,-0.679072,-0.227161
SE01-LS-2,2,km-train,389,74,39,0.162023,0.005946,0.021125,0.089110,0.442385,0.000000,-2.493924,-1.553558
SE01-LS-2,3,drydown-clock,402,135,0,0.087998,0.000000,0.000000,0.004975,0.335821,0.320517,0.000000,-0.227588
SE01-LS-2,3,fhs-discrete,402,135,0,0.067837,0.000001,0.000077,0.008681,0.226218,0.476187,0.229100,0.053652
SE01-LS-2,3,fhs-hazard-blend,402,135,0,0.067346,0.000203,0.000970,0.012687,0.219731,0.479979,0.234681,0.060503
SE01-LS-2,3,gauss-continuous,402,135,0,0.071683,0.000000,0.000366,0.019552,0.223452,0.446490,0.185395,0.000000
SE01-LS-2,3,gauss-discrete,402,135,0,0.069292,0.000000,0.000173,0.014443,0.222942,0.464955,0.212569,0.033359
SE01-LS-2,3,hazard-glm,402,135,0,0.071440,0.000770,0.002948,0.018240,0.224316,0.448372,0.188165,0.003400
SE01-LS-2,3,km-train,402,135,0,0.129507,0.004622,0.016451,0.070667,0.339150,0.000000,-0.471708,-0.806651
SE01-LS-2,4,drydown-clock,71,0,47,0.000000,0.000000,0.000000,0.000000,0.000000,1.000000,,1.000000
SE01-LS-2,4,fhs-discrete,71,0,47,0.014166,0.000000,0.000008,0.001824,0.072542,0.883867,,0.434507
SE01-LS-2,4,fhs-hazard-blend,71,0,47,0.023234,0.000109,0.000474,0.004398,0.101533,0.809527,,0.072518
SE01-LS-2,4,gauss-continuous,71,0,47,0.025051,0.000000,0.000023,0.006161,0.107297,0.794635,,0.000000
SE01-LS-2,4,gauss-discrete,71,0,47,0.019346,0.000000,0.000010,0.003961,0.087264,0.841400,,0.227720
SE01-LS-2,4,hazard-glm,71,0,47,0.035126,0.000431,0.001668,0.008099,0.135482,0.712033,,-0.402219
SE01-LS-2,4,km-train,71,0,47,0.121981,0.003556,0.012647,0.052709,0.405190,0.000000,,-3.869372
SE01-LS-3,0,drydown-clock,403,380,0,0.617608,0.136476,0.330025,0.702233,0.942928,-1.402620,0.000000,-1.824265
SE01-LS-3,0,fhs-discrete,403,380,0,0.166655,0.204960,0.289305,0.211153,0.071953,0.351678,0.730161,0.237902
SE01-LS-3,0,fhs-hazard-blend,403,380,0,0.141751,0.129544,0.210613,0.222295,0.058988,0.448562,0.770484,0.351787
SE01-LS-3,0,gauss-continuous,403,380,0,0.218679,0.409394,0.409317,0.228098,0.055709,0.149294,0.645926,0.000000
SE01-LS-3,0,gauss-discrete,403,380,0,0.179239,0.262556,0.316522,0.212278,0.068972,0.302724,0.709785,0.180357
SE01-LS-3,0,hazard-glm,403,380,0,0.141755,0.110884,0.189754,0.261063,0.052848,0.448543,0.770477,0.351766
SE01-LS-3,0,km-train,403,380,0,0.257056,0.125319,0.260434,0.410756,0.136668,0.000000,0.583788,-0.175494
SE01-LS-3,1,drydown-clock,144,124,18,0.528376,0.092813,0.240656,0.603265,0.980002,-1.704696,0.000000,-1.761252
SE01-LS-3,1,fhs-discrete,144,124,18,0.175446,0.097100,0.208363,0.245591,0.078476,0.101912,0.667952,0.083132
SE01-LS-3,1,fhs-hazard-blend,144,124,18,0.170099,0.086298,0.178027,0.268077,0.068634,0.129283,0.678072,0.111076
SE01-LS-3,1,gauss-continuous,144,124,18,0.191354,0.158275,0.272824,0.249281,0.054544,0.020482,0.637845,0.000000
SE01-LS-3,1,gauss-discrete,144,124,18,0.180697,0.118235,0.228886,0.244119,0.076773,0.075035,0.658015,0.055694
SE01-LS-3,1,hazard-glm,144,124,18,0.178094,0.081806,0.170290,0.321269,0.060072,0.088356,0.662940,0.069293
SE01-LS-3,1,km-train,144,124,18,0.195355,0.085285,0.189349,0.316375,0.093579,0.000000,0.630273,-0.020910
SE01-LS-3,2,drydown-clock,389,80,33,0.093520,0.005182,0.036791,0.050087,0.307884,0.469426,0.000000,0.421040
SE01-LS-3,2,fhs-discrete,389,80,33,0.135917,0.005185,0.041271,0.107926,0.310830,0.228898,-0.453336,0.158576
SE01-LS-3,2,fhs-hazard-blend,389,80,33,0.122777,0.005226,0.037876,0.086668,0.301251,0.303443,-0.312838,0.239919
SE01-LS-3,2,gauss-continuous,389,80,33,0.161532,0.008496,0.058808,0.149009,0.334455,0.083575,-0.727234,0.000000
SE01-LS-3,2,gauss-discrete,389,80,33,0.141697,0.006246,0.048772,0.122661,0.306102,0.196106,-0.515140,0.122794
SE01-LS-3,2,hazard-glm,389,80,33,0.112769,0.005745,0.037143,0.071247,0.292255,0.360220,-0.205828,0.301874
SE01-LS-3,2,km-train,389,80,33,0.176263,0.008763,0.052557,0.135431,0.425631,0.000000,-0.884752,-0.091197
SE01-LS-3,3,drydown-clock,402,12,0,0.008188,0.000000,0.000000,0.000000,0.029851,0.946899,0.000000,0.729845
SE01-LS-3,3,fhs-discrete,402,12,0,0.020836,0.000000,0.000018,0.003125,0.093127,0.864875,-1.544686,0.312541
SE01-LS-3,3,fhs-hazard-blend,402,12,0,0.026826,0.000092,0.000738,0.006223,0.108172,0.826034,-2.276150,0.114933
SE01-LS-3,3,gauss-continuous,402,12,0,0.030309,0.000000,0.000134,0.009292,0.119156,0.803443,-2.701582,0.000000
SE01-LS-3,3,gauss-discrete,402,12,0,0.024821,0.000000,0.000065,0.006266,0.101206,0.839034,-2.031331,0.181072
SE01-LS-3,3,hazard-glm,402,12,0,0.035844,0.000365,0.002656,0.011494,0.127107,0.767551,-3.377519,-0.182607
SE01-LS-3,3,km-train,402,12,0,0.154202,0.003391,0.023371,0.098077,0.436322,0.000000,-17.832135,-4.087590
SE01-LS-3,4,drydown-clock,71,0,47,0.000000,0.000000,0.000000,0.000000,0.000000,1.000000,,1.000000
SE01-LS-3,4,fhs-discrete,71,0,47,0.003312,0.000000,0.000000,0.000103,0.022229,0.972675,,0.510900
SE01-LS-3,4,fhs-hazard-blend,71,0,47,0.006768,0.000024,0.000187,0.001295,0.034106,0.944161,,0.000526
SE01-LS-3,4,gauss-continuous,71,0,47,0.006772,0.000000,0.000000,0.000536,0.038071,0.944131,,0.000000
SE01-LS-3,4,gauss-discrete,71,0,47,0.005031,0.000000,0.000000,0.000314,0.029583,0.958495,,0.257107
SE01-LS-3,4,hazard-glm,71,0,47,0.011919,0.000097,0.000738,0.003828,0.048561,0.901663,,-0.760147
SE01-LS-3,4,km-train,71,0,47,0.121209,0.002608,0.017962,0.075277,0.348768,0.000000,,-16.899087
SE01-LS-4,0,drydown-clock,403,79,0,0.124225,0.057072,0.081886,0.124069,0.196030,-0.153557,0.000000,0.463552
SE01-LS-4,0,fhs-discrete,403,79,0,0.134180,0.047405,0.078943,0.143058,0.219221,-0.246000,-0.080138,0.420563
SE01-LS-4,0,fhs-hazard-blend,403,79,0,0.101668,0.047796,0.066281,0.101209,0.165202,0.055906,0.181580,0.560961
SE01-LS-4,0,gauss-continuous,403,79,0,0.231569,0.105523,0.178150,0.260601,0.323274,-1.150362,-0.864115,0.000000
SE01-LS-4,0,gauss-discrete,403,79,0,0.182659,0.068791,0.126285,0.203775,0.273139,-0.696187,-0.470397,0.211209
SE01-LS-4,0,hazard-glm,403,79,0,0.095932,0.052570,0.072339,0.099438,0.137787,0.109169,0.227753,0.585730
SE01-LS-4,0,km-train,403,79,0,0.107688,0.053851,0.075521,0.108837,0.166129,0.000000,0.133116,0.534962
SE01-LS-4,1,drydown-clock,144,22,47,0.047762,0.000000,0.000000,0.000000,0.206875,0.026726,0.000000,0.542681
SE01-LS-4,1,fhs-discrete,144,22,47,0.061796,0.000672,0.004711,0.032201,0.179953,-0.259255,-0.293834,0.408305
SE01-LS-4,1,fhs-hazard-blend,144,22,47,0.047935,0.000718,0.002740,0.014999,0.160835,0.023202,-0.003621,0.541025
SE01-LS-4,1,gauss-continuous,144,22,47,0.104438,0.001737,0.020089,0.093420,0.230126,-1.128216,-1.186656,0.000000
SE01-LS-4,1,gauss-discrete,144,22,47,0.084563,0.000695,0.011265,0.065806,0.206026,-0.723198,-0.770517,0.190309
SE01-LS-4,1,hazard-glm,144,22,47,0.041860,0.000829,0.001388,0.004357,0.161493,0.146981,0.123558,0.599186
SE01-LS-4,1,km-train,144,22,47,0.049073,0.002713,0.004436,0.012900,0.168610,0.000000,-0.027460,0.530123
SE01-LS-4,2,drydown-clock,389,185,26,0.154874,0.000000,0.023672,0.056004,0.508530,-0.352969,0.000000,-0.321964
SE01-LS-4,2,fhs-discrete,389,185,26,0.124692,0.000002,0.023657,0.055715,0.336681,-0.089304,0.194879,-0.064341
SE01-LS-4,2,fhs-hazard-blend,389,185,26,0.125395,0.000141,0.023053,0.054180,0.357912,-0.095447,0.190339,-0.070343
SE01-LS-4,2,gauss-continuous,389,185,26,0.117154,0.000000,0.023778,0.058279,0.300568,-0.023453,0.243550,0.000000
SE01-LS-4,2,gauss-discrete,389,185,26,0.119492,0.000000,0.023714,0.056962,0.314240,-0.043873,0.228457,-0.019952
SE01-LS-4,2,hazard-glm,389,185,26,0.126687,0.000530,0.022756,0.052905,0.382097,-0.106727,0.182001,-0.081366
SE01-LS-4,2,km-train,389,185,26,0.114470,0.002323,0.024555,0.055308,0.308635,0.000000,0.260885,0.022916
SE01-LS-4,3,drydown-clock,402,92,0,0.113132,0.009950,0.042289,0.109453,0.228856,-0.191585,0.000000,-0.135403
SE01-LS-4,3,fhs-discrete,402,92,0,0.099776,0.009948,0.042138,0.103676,0.192632,-0.050904,0.118062,-0.001355
SE01-LS-4,3,fhs-hazard-blend,402,92,0,0.096794,0.009774,0.040711,0.101089,0.182674,-0.019500,0.144417,0.028568
SE01-LS-4,3,gauss-continuous,402,92,0,0.099641,0.009950,0.042169,0.101247,0.201282,-0.049482,0.119255,0.000000
SE01-LS-4,3,gauss-discrete,402,92,0,0.099072,0.009950,0.042208,0.102238,0.194438,-0.043494,0.124281,0.005706
SE01-LS-4,3,hazard-glm,402,92,0,0.095517,0.010047,0.039986,0.099446,0.179262,-0.006052,0.155703,0.041382
SE01-LS-4,3,km-train,402,92,0,0.094943,0.010910,0.040692,0.097594,0.179651,0.000000,0.160782,0.047149
SE01-LS-4,4,drydown-clock,71,0,47,0.000000,0.000000,0.000000,0.000000,0.000000,1.000000,,1.000000
SE01-LS-4,4,fhs-discrete,71,0,47,0.002406,0.000000,0.000000,0.000006,0.023302,0.897123,,0.441626
SE01-LS-4,4,fhs-hazard-blend,71,0,47,0.006910,0.000215,0.000432,0.001612,0.037769,0.704490,,-0.603907
SE01-LS-4,4,gauss-continuous,71,0,47,0.004308,0.000000,0.000000,0.000007,0.037685,0.815756,,0.000000
SE01-LS-4,4,gauss-discrete,71,0,47,0.003346,0.000000,0.000000,0.000004,0.030352,0.856923,,0.223440
SE01-LS-4,4,hazard-glm,71,0,47,0.015004,0.000862,0.001726,0.006075,0.055975,0.358399,,-2.482341
SE01-LS-4,4,km-train,71,0,47,0.023385,0.001482,0.003100,0.010337,0.085708,0.000000,,-4.427582
SE0X-LS-1,0,drydown-clock,403,343,0,0.261166,0.000000,0.017370,0.071960,0.851117,-1.186707,0.000000,-0.832365
SE0X-LS-1,0,fhs-discrete,403,343,0,0.149490,0.000538,0.017147,0.064271,0.367473,-0.251654,0.427608,-0.048831
SE0X-LS-1,0,fhs-hazard-blend,403,343,0,0.125588,0.000726,0.016910,0.069971,0.252104,-0.051529,0.519127,0.118865
SE0X-LS-1,0,gauss-continuous,403,343,0,0.142530,0.004324,0.033068,0.101501,0.286138,-0.193380,0.454257,0.000000
SE0X-LS-1,0,gauss-discrete,403,343,0,0.143306,0.001871,0.024355,0.083976,0.321282,-0.199884,0.451283,-0.005450
SE0X-LS-1,0,hazard-glm,403,343,0,0.111237,0.001111,0.017217,0.077577,0.171479,0.068631,0.574077,0.219554
SE0X-LS-1,0,km-train,403,343,0,0.119434,0.001657,0.018653,0.091231,0.193415,0.000000,0.542691,0.162044
SE0X-LS-1,1,drydown-clock,144,20,47,0.025362,0.000000,0.000000,0.000000,0.196559,0.757069,0.000000,0.089510
SE0X-LS-1,1,fhs-discrete,144,20,47,0.022520,0.000000,0.000001,0.000400,0.146679,0.784291,0.112056,0.191536
SE0X-LS-1,1,fhs-hazard-blend,144,20,47,0.037353,0.000080,0.000188,0.004448,0.174905,0.642209,-0.472814,-0.340982
SE0X-LS-1,1,gauss-continuous,144,20,47,0.027855,0.000000,0.000009,0.002792,0.152590,0.733187,-0.098310,0.000000
SE0X-LS-1,1,gauss-discrete,144,20,47,0.025532,0.000000,0.000004,0.001764,0.149138,0.755443,-0.006695,0.083414
SE0X-LS-1,1,hazard-glm,144,20,47,0.069076,0.000320,0.000705,0.013260,0.249671,0.338345,-1.723638,-1.479845
SE0X-LS-1,1,km-train,144,20,47,0.104400,0.001136,0.002534,0.040574,0.351349,0.000000,-3.116403,-2.747943
SE0X-LS-1,2,drydown-clock,389,7,45,0.004090,0.000000,0.000000,0.000000,0.019953,0.959277,0.000000,0.571117
SE0X-LS-1,2,fhs-discrete,389,7,45,0.006026,0.000000,0.000000,0.000026,0.037181,0.940006,-0.473201,0.368169
SE0X-LS-1,2,fhs-hazard-blend,389,7,45,0.019043,0.000046,0.000100,0.002107,0.092340,0.810412,-3.655505,-0.996666
SE0X-LS-1,2,gauss-continuous,389,7,45,0.009538,0.000000,0.000000,0.000263,0.054752,0.905048,-1.331639,0.000000
SE0X-LS-1,2,gauss-discrete,389,7,45,0.008106,0.000000,0.000000,0.000154,0.046916,0.919302,-0.981621,0.150117
SE0X-LS-1,2,hazard-glm,389,7,45,0.046094,0.000184,0.000396,0.007595,0.188860,0.541105,-10.268615,-3.832916
SE0X-LS-1,2,km-train,389,7,45,0.100446,0.000972,0.002173,0.035124,0.384528,0.000000,-23.555958,-9.531629
SE0X-LS-1,3,drydown-clock,402,45,0,0.026689,0.000000,0.000000,0.004975,0.111940,0.677253,0.000000,0.220649
SE0X-LS-1,3,fhs-discrete,402,45,0,0.028598,0.000000,0.000001,0.005427,0.122175,0.654169,-0.071524,0.164907
SE0X-LS-1,3,fhs-hazard-blend,402,45,0,0.037274,0.000045,0.000106,0.007452,0.150295,0.549256,-0.396588,-0.088432
SE0X-LS-1,3,gauss-continuous,402,45,0,0.034246,0.000000,0.000008,0.007916,0.138424,0.585877,-0.283119,0.000000
SE0X-LS-1,3,gauss-discrete,402,45,0,0.031237,0.000000,0.000003,0.006732,0.127942,0.622261,-0.170387,0.087858
SE0X-LS-1,3,hazard-glm,402,45,0,0.052499,0.000180,0.000386,0.011380,0.195454,0.365153,-0.967013,-0.532993
SE0X-LS-1,3,km-train,402,45,0,0.082695,0.000756,0.001691,0.030851,0.297888,0.000000,-2.098405,-1.414744
SE0X-LS-1,4,drydown-clock,71,0,47,0.000000,0.000000,0.000000,0.000000,0.000000,1.000000,,1.000000
SE0X-LS-1,4,fhs-discrete,71,0,47,0.007299,0.000000,0.000000,0.000367,0.045670,0.885807,,0.443692
SE0X-LS-1,4,fhs-hazard-blend,71,0,47,0.015520,0.000026,0.000060,0.001843,0.077102,0.757194,,-0.182862
SE0X-LS-1,4,gauss-continuous,71,0,47,0.013121,0.000000,0.000001,0.001682,0.067838,0.794730,,0.000000
SE0X-LS-1,4,gauss-discrete,71,0,47,0.010007,0.000000,0.000000,0.001031,0.054369,0.843447,,0.237329
SE0X-LS-1,4,hazard-glm,71,0,47,0.027255,0.000102,0.000226,0.004494,0.116961,0.573599,,-1.077275
SE0X-LS-1,4,km-train,71,0,47,0.063919,0.000582,0.001301,0.021309,0.251168,0.000000,,-3.871641
