device,horizon_h,alpha,rule,base_rate,alert_rate,value
SE01-LS-1,6,0.020000,bayes_gauss_continuous,0.611191,0.611191,1.000000
SE01-LS-1,6,0.020000,bayes_gauss_discrete,0.611191,0.611191,1.000000
SE01-LS-1,6,0.020000,bayes_filtered_empirical,0.611191,0.611191,1.000000
SE01-LS-1,6,0.020000,persistence_alert,0.611191,0.611191,1.000000
SE01-LS-1,6,0.050000,bayes_gauss_continuous,0.611191,0.611191,1.000000
SE01-LS-1,6,0.050000,bayes_gauss_discrete,0.611191,0.611191,1.000000
SE01-LS-1,6,0.050000,bayes_filtered_empirical,0.611191,0.611191,1.000000
SE01-LS-1,6,0.050000,persistence_alert,0.611191,0.611191,1.000000
SE01-LS-1,6,0.100000,bayes_gauss_continuous,0.611191,0.611191,1.000000
SE01-LS-1,6,0.100000,bayes_gauss_discrete,0.611191,0.611191,1.000000
SE01-LS-1,6,0.100000,bayes_filtered_empirical,0.611191,0.611191,1.000000
SE01-LS-1,6,0.100000,persistence_alert,0.611191,0.611191,1.000000
SE01-LS-1,6,0.200000,bayes_gauss_continuous,0.611191,0.611191,1.000000
SE01-LS-1,6,0.200000,bayes_gauss_discrete,0.611191,0.611191,1.000000
SE01-LS-1,6,0.200000,bayes_filtered_empirical,0.611191,0.611191,1.000000
SE01-LS-1,6,0.200000,persistence_alert,0.611191,0.611191,1.000000
SE01-LS-1,6,0.300000,bayes_gauss_continuous,0.611191,0.611191,1.000000
SE01-LS-1,6,0.300000,bayes_gauss_discrete,0.611191,0.611191,1.000000
SE01-LS-1,6,0.300000,bayes_filtered_empirical,0.611191,0.611191,1.000000
SE01-LS-1,6,0.300000,persistence_alert,0.611191,0.611191,1.000000
SE01-LS-1,6,0.500000,bayes_gauss_continuous,0.611191,0.611191,1.000000
SE01-LS-1,6,0.500000,bayes_gauss_discrete,0.611191,0.611191,1.000000
SE01-LS-1,6,0.500000,bayes_filtered_empirical,0.611191,0.611191,1.000000
SE01-LS-1,6,0.500000,persistence_alert,0.611191,0.611191,1.000000
SE01-LS-1,12,0.020000,bayes_gauss_continuous,0.610465,0.610465,1.000000
SE01-LS-1,12,0.020000,bayes_gauss_discrete,0.610465,0.610465,1.000000
SE01-LS-1,12,0.020000,bayes_filtered_empirical,0.610465,0.610465,1.000000
SE01-LS-1,12,0.020000,persistence_alert,0.610465,0.610465,1.000000
SE01-LS-1,12,0.050000,bayes_gauss_continuous,0.610465,0.610465,1.000000
SE01-LS-1,12,0.050000,bayes_gauss_discrete,0.610465,0.610465,1.000000
SE01-LS-1,12,0.050000,bayes_filtered_empirical,0.610465,0.610465,1.000000
SE01-LS-1,12,0.050000,persistence_alert,0.610465,0.610465,1.000000
SE01-LS-1,12,0.100000,bayes_gauss_continuous,0.610465,0.610465,1.000000
SE01-LS-1,12,0.100000,bayes_gauss_discrete,0.610465,0.610465,1.000000
SE01-LS-1,12,0.100000,bayes_filtered_empirical,0.610465,0.610465,1.000000
SE01-LS-1,12,0.100000,persistence_alert,0.610465,0.610465,1.000000
SE01-LS-1,12,0.200000,bayes_gauss_continuous,0.610465,0.610465,1.000000
SE01-LS-1,12,0.200000,bayes_gauss_discrete,0.610465,0.610465,1.000000
SE01-LS-1,12,0.200000,bayes_filtered_empirical,0.610465,0.610465,1.000000
SE01-LS-1,12,0.200000,persistence_alert,0.610465,0.610465,1.000000
SE01-LS-1,12,0.300000,bayes_gauss_continuous,0.610465,0.610465,1.000000
SE01-LS-1,12,0.300000,bayes_gauss_discrete,0.610465,0.610465,1.000000
SE01-LS-1,12,0.300000,bayes_filtered_empirical,0.610465,0.610465,1.000000
SE01-LS-1,12,0.300000,persistence_alert,0.610465,0.610465,1.000000
SE01-LS-1,12,0.500000,bayes_gauss_continuous,0.610465,0.610465,1.000000
SE01-LS-1,12,0.500000,bayes_gauss_discrete,0.610465,0.610465,1.000000
SE01-LS-1,12,0.500000,bayes_filtered_empirical,0.610465,0.610465,1.000000
SE01-LS-1,12,0.500000,persistence_alert,0.610465,0.610465,1.000000
SE01-LS-1,24,0.020000,bayes_gauss_continuous,0.608955,0.608955,1.000000
SE01-LS-1,24,0.020000,bayes_gauss_discrete,0.608955,0.608955,1.000000
SE01-LS-1,24,0.020000,bayes_filtered_empirical,0.608955,0.608955,1.000000
SE01-LS-1,24,0.020000,persistence_alert,0.608955,0.608955,1.000000
SE01-LS-1,24,0.050000,bayes_gauss_continuous,0.608955,0.608955,1.000000
SE01-LS-1,24,0.050000,bayes_gauss_discrete,0.608955,0.608955,1.000000
SE01-LS-1,24,0.050000,bayes_filtered_empirical,0.608955,0.608955,1.000000
SE01-LS-1,24,0.050000,persistence_alert,0.608955,0.608955,1.000000
SE01-LS-1,24,0.100000,bayes_gauss_continuous,0.608955,0.608955,1.000000
SE01-LS-1,24,0.100000,bayes_gauss_discrete,0.608955,0.608955,1.000000
SE01-LS-1,24,0.100000,bayes_filtered_empirical,0.608955,0.608955,1.000000
SE01-LS-1,24,0.100000,persistence_alert,0.608955,0.608955,1.000000
SE01-LS-1,24,0.200000,bayes_gauss_continuous,0.608955,0.608955,1.000000
SE01-LS-1,24,0.200000,bayes_gauss_discrete,0.608955,0.608955,1.000000
SE01-LS-1,24,0.200000,bayes_filtered_empirical,0.608955,0.608955,1.000000
SE01-LS-1,24,0.200000,persistence_alert,0.608955,0.608955,1.000000
SE01-LS-1,24,0.300000,bayes_gauss_continuous,0.608955,0.608955,1.000000
SE01-LS-1,24,0.300000,bayes_gauss_discrete,0.608955,0.608955,1.000000
SE01-LS-1,24,0.300000,bayes_filtered_empirical,0.608955,0.608955,1.000000
SE01-LS-1,24,0.300000,persistence_alert,0.608955,0.608955,1.000000
SE01-LS-1,24,0.500000,bayes_gauss_continuous,0.608955,0.608955,1.000000
SE01-LS-1,24,0.500000,bayes_gauss_discrete,0.608955,0.608955,1.000000
SE01-LS-1,24,0.500000,bayes_filtered_empirical,0.608955,0.608955,1.000000
SE01-LS-1,24,0.500000,persistence_alert,0.608955,0.608955,1.000000
SE01-LS-1,48,0.020000,bayes_gauss_continuous,0.605678,0.605678,1.000000
SE01-LS-1,48,0.020000,bayes_gauss_discrete,0.605678,0.605678,1.000000
SE01-LS-1,48,0.020000,bayes_filtered_empirical,0.605678,0.605678,1.000000
SE01-LS-1,48,0.020000,persistence_alert,0.605678,0.605678,1.000000
SE01-LS-1,48,0.050000,bayes_gauss_continuous,0.605678,0.605678,1.000000
SE01-LS-1,48,0.050000,bayes_gauss_discrete,0.605678,0.605678,1.000000
SE01-LS-1,48,0.050000,bayes_filtered_empirical,0.605678,0.605678,1.000000
SE01-LS-1,48,0.050000,persistence_alert,0.605678,0.605678,1.000000
SE01-LS-1,48,0.100000,bayes_gauss_continuous,0.605678,0.605678,1.000000
SE01-LS-1,48,0.100000,bayes_gauss_discrete,0.605678,0.605678,1.000000
SE01-LS-1,48,0.100000,bayes_filtered_empirical,0.605678,0.605678,1.000000
SE01-LS-1,48,0.100000,persistence_alert,0.605678,0.605678,1.000000
SE01-LS-1,48,0.200000,bayes_gauss_continuous,0.605678,0.605678,1.000000
SE01-LS-1,48,0.200000,bayes_gauss_discrete,0.605678,0.605678,1.000000
SE01-LS-1,48,0.200000,bayes_filtered_empirical,0.605678,0.605678,1.000000
SE01-LS-1,48,0.200000,persistence_alert,0.605678,0.605678,1.000000
SE01-LS-1,48,0.300000,bayes_gauss_continuous,0.605678,0.605678,1.000000
SE01-LS-1,48,0.300000,bayes_gauss_discrete,0.605678,0.605678,1.000000
SE01-LS-1,48,0.300000,bayes_filtered_empirical,0.605678,0.605678,1.000000
SE01-LS-1,48,0.300000,persistence_alert,0.605678,0.605678,1.000000
SE01-LS-1,48,0.500000,bayes_gauss_continuous,0.605678,0.605678,1.000000
SE01-LS-1,48,0.500000,bayes_gauss_discrete,0.605678,0.605678,1.000000
SE01-LS-1,48,0.500000,bayes_filtered_empirical,0.605678,0.605678,1.000000
SE01-LS-1,48,0.500000,persistence_alert,0.605678,0.605678,1.000000
SE01-LS-2,6,0.020000,bayes_gauss_continuous,0.974175,0.994261,0.222222
SE01-LS-2,6,0.020000,bayes_gauss_discrete,0.974175,0.993544,0.250000
SE01-LS-2,6,0.020000,bayes_filtered_empirical,0.974175,0.993544,0.250000
SE01-LS-2,6,0.020000,persistence_alert,0.974175,0.967001,-15.388889
SE01-LS-2,6,0.050000,bayes_gauss_continuous,0.974175,0.992109,0.305556
SE01-LS-2,6,0.050000,bayes_gauss_discrete,0.974175,0.992109,0.305556
SE01-LS-2,6,0.050000,bayes_filtered_empirical,0.974175,0.991392,0.333333
SE01-LS-2,6,0.050000,persistence_alert,0.974175,0.967001,-5.388889
SE01-LS-2,6,0.100000,bayes_gauss_continuous,0.974175,0.992109,0.305556
SE01-LS-2,6,0.100000,bayes_gauss_discrete,0.974175,0.991392,0.333333
SE01-LS-2,6,0.100000,bayes_filtered_empirical,0.974175,0.989240,0.416667
SE01-LS-2,6,0.100000,persistence_alert,0.974175,0.967001,-2.055556
SE01-LS-2,6,0.200000,bayes_gauss_continuous,0.974175,0.990674,0.361111
SE01-LS-2,6,0.200000,bayes_gauss_discrete,0.974175,0.988522,0.444444
SE01-LS-2,6,0.200000,bayes_filtered_empirical,0.974175,0.979914,0.777778
SE01-LS-2,6,0.200000,persistence_alert,0.974175,0.967001,-0.388889
SE01-LS-2,6,0.300000,bayes_gauss_continuous,0.974175,0.988522,0.444444
SE01-LS-2,6,0.300000,bayes_gauss_discrete,0.974175,0.983501,0.638889
SE01-LS-2,6,0.300000,bayes_filtered_empirical,0.974175,0.974892,0.787037
SE01-LS-2,6,0.300000,persistence_alert,0.974175,0.967001,0.166667
SE01-LS-2,6,0.500000,bayes_gauss_continuous,0.974175,0.979914,0.777778
SE01-LS-2,6,0.500000,bayes_gauss_discrete,0.974175,0.974175,0.833333
SE01-LS-2,6,0.500000,bayes_filtered_empirical,0.974175,0.972023,0.750000
SE01-LS-2,6,0.500000,persistence_alert,0.974175,0.967001,0.611111
SE01-LS-2,12,0.020000,bayes_gauss_continuous,0.982558,1.000000,0.000000
SE01-LS-2,12,0.020000,bayes_gauss_discrete,0.982558,1.000000,0.000000
SE01-LS-2,12,0.020000,bayes_filtered_empirical,0.982558,1.000000,0.000000
SE01-LS-2,12,0.020000,persistence_alert,0.982558,0.966570,-48.083333
SE01-LS-2,12,0.050000,bayes_gauss_continuous,0.982558,0.998547,0.083333
SE01-LS-2,12,0.050000,bayes_gauss_discrete,0.982558,0.997093,0.166667
SE01-LS-2,12,0.050000,bayes_filtered_empirical,0.982558,0.994186,0.333333
SE01-LS-2,12,0.050000,persistence_alert,0.982558,0.966570,-18.083333
SE01-LS-2,12,0.100000,bayes_gauss_continuous,0.982558,0.994186,0.333333
SE01-LS-2,12,0.100000,bayes_gauss_discrete,0.982558,0.992733,0.416667
SE01-LS-2,12,0.100000,bayes_filtered_empirical,0.982558,0.992006,0.458333
SE01-LS-2,12,0.100000,persistence_alert,0.982558,0.966570,-8.083333
SE01-LS-2,12,0.200000,bayes_gauss_continuous,0.982558,0.992006,0.458333
SE01-LS-2,12,0.200000,bayes_gauss_discrete,0.982558,0.991279,0.500000
SE01-LS-2,12,0.200000,bayes_filtered_empirical,0.982558,0.989826,0.375000
SE01-LS-2,12,0.200000,persistence_alert,0.982558,0.966570,-3.083333
SE01-LS-2,12,0.300000,bayes_gauss_continuous,0.982558,0.991279,0.500000
SE01-LS-2,12,0.300000,bayes_gauss_discrete,0.982558,0.990552,0.541667
SE01-LS-2,12,0.300000,bayes_filtered_empirical,0.982558,0.983285,0.263889
SE01-LS-2,12,0.300000,persistence_alert,0.982558,0.966570,-1.416667
SE01-LS-2,12,0.500000,bayes_gauss_continuous,0.982558,0.984738,0.541667
SE01-LS-2,12,0.500000,bayes_gauss_discrete,0.982558,0.979651,0.500000
SE01-LS-2,12,0.500000,bayes_filtered_empirical,0.982558,0.973837,0.250000
SE01-LS-2,12,0.500000,persistence_alert,0.982558,0.966570,-0.083333
SE01-LS-2,24,0.020000,bayes_gauss_continuous,0.994776,1.000000,0.000000
SE01-LS-2,24,0.020000,bayes_gauss_discrete,0.994776,1.000000,0.000000
SE01-LS-2,24,0.020000,bayes_filtered_empirical,0.994776,1.000000,0.000000
SE01-LS-2,24,0.020000,persistence_alert,0.994776,0.965672,-279.142857
SE01-LS-2,24,0.050000,bayes_gauss_continuous,0.994776,1.000000,0.000000
SE01-LS-2,24,0.050000,bayes_gauss_discrete,0.994776,1.000000,0.000000
SE01-LS-2,24,0.050000,bayes_filtered_empirical,0.994776,1.000000,0.000000
SE01-LS-2,24,0.050000,persistence_alert,0.994776,0.965672,-107.714286
SE01-LS-2,24,0.100000,bayes_gauss_continuous,0.994776,1.000000,0.000000
SE01-LS-2,24,0.100000,bayes_gauss_discrete,0.994776,1.000000,0.000000
SE01-LS-2,24,0.100000,bayes_filtered_empirical,0.994776,0.997015,-0.857143
SE01-LS-2,24,0.100000,persistence_alert,0.994776,0.965672,-50.571429
SE01-LS-2,24,0.200000,bayes_gauss_continuous,0.994776,0.995522,-0.571429
SE01-LS-2,24,0.200000,bayes_gauss_discrete,0.994776,0.994030,-1.000000
SE01-LS-2,24,0.200000,bayes_filtered_empirical,0.994776,0.991791,-2.000000
SE01-LS-2,24,0.200000,persistence_alert,0.994776,0.965672,-22.000000
SE01-LS-2,24,0.300000,bayes_gauss_continuous,0.994776,0.991791,-0.809524
SE01-LS-2,24,0.300000,bayes_gauss_discrete,0.994776,0.991791,-0.809524
SE01-LS-2,24,0.300000,bayes_filtered_empirical,0.994776,0.991045,-1.142857
SE01-LS-2,24,0.300000,persistence_alert,0.994776,0.965672,-12.476190
SE01-LS-2,24,0.500000,bayes_gauss_continuous,0.994776,0.990299,-0.142857
SE01-LS-2,24,0.500000,bayes_gauss_discrete,0.994776,0.988060,-0.571429
SE01-LS-2,24,0.500000,bayes_filtered_empirical,0.994776,0.980597,-2.000000
SE01-LS-2,24,0.500000,persistence_alert,0.994776,0.965672,-4.857143
SE01-LS-2,48,0.020000,bayes_gauss_continuous,1.000000,1.000000,
SE01-LS-2,48,0.020000,bayes_gauss_discrete,1.000000,1.000000,
SE01-LS-2,48,0.020000,bayes_filtered_empirical,1.000000,1.000000,
SE01-LS-2,48,0.020000,persistence_alert,1.000000,0.963722,
SE01-LS-2,48,0.050000,bayes_gauss_continuous,1.000000,1.000000,
SE01-LS-2,48,0.050000,bayes_gauss_discrete,1.000000,1.000000,
SE01-LS-2,48,0.050000,bayes_filtered_empirical,1.000000,1.000000,
SE01-LS-2,48,0.050000,persistence_alert,1.000000,0.963722,
SE01-LS-2,48,0.100000,bayes_gauss_continuous,1.000000,1.000000,
SE01-LS-2,48,0.100000,bayes_gauss_discrete,1.000000,1.000000,
SE01-LS-2,48,0.100000,bayes_filtered_empirical,1.000000,1.000000,
SE01-LS-2,48,0.100000,persistence_alert,1.000000,0.963722,
SE01-LS-2,48,0.200000,bayes_gauss_continuous,1.000000,1.000000,
SE01-LS-2,48,0.200000,bayes_gauss_discrete,1.000000,1.000000,
SE01-LS-2,48,0.200000,bayes_filtered_empirical,1.000000,0.998423,
SE01-LS-2,48,0.200000,persistence_alert,1.000000,0.963722,
SE01-LS-2,48,0.300000,bayes_gauss_continuous,1.000000,0.997634,
SE01-LS-2,48,0.300000,bayes_gauss_discrete,1.000000,0.995268,
SE01-LS-2,48,0.300000,bayes_filtered_empirical,1.000000,0.992114,
SE01-LS-2,48,0.300000,persistence_alert,1.000000,0.963722,
SE01-LS-2,48,0.500000,bayes_gauss_continuous,1.000000,0.991325,
SE01-LS-2,48,0.500000,bayes_gauss_discrete,1.000000,0.990536,
SE01-LS-2,48,0.500000,bayes_filtered_empirical,1.000000,0.989748,
SE01-LS-2,48,0.500000,persistence_alert,1.000000,0.963722,
SE01-LS-3,6,0.020000,bayes_gauss_continuous,1.000000,1.000000,
SE01-LS-3,6,0.020000,bayes_gauss_discrete,1.000000,1.000000,
SE01-LS-3,6,0.020000,bayes_filtered_empirical,1.000000,1.000000,
SE01-LS-3,6,0.020000,persistence_alert,1.000000,0.996413,
SE01-LS-3,6,0.050000,bayes_gauss_continuous,1.000000,1.000000,
SE01-LS-3,6,0.050000,bayes_gauss_discrete,1.000000,1.000000,
SE01-LS-3,6,0.050000,bayes_filtered_empirical,1.000000,1.000000,
SE01-LS-3,6,0.050000,persistence_alert,1.000000,0.996413,
SE01-LS-3,6,0.100000,bayes_gauss_continuous,1.000000,1.000000,
SE01-LS-3,6,0.100000,bayes_gauss_discrete,1.000000,1.000000,
SE01-LS-3,6,0.100000,bayes_filtered_empirical,1.000000,1.000000,
SE01-LS-3,6,0.100000,persistence_alert,1.000000,0.996413,
SE01-LS-3,6,0.200000,bayes_gauss_continuous,1.000000,1.000000,
SE01-LS-3,6,0.200000,bayes_gauss_discrete,1.000000,1.000000,
SE01-LS-3,6,0.200000,bayes_filtered_empirical,1.000000,0.999283,
SE01-LS-3,6,0.200000,persistence_alert,1.000000,0.996413,
SE01-LS-3,6,0.300000,bayes_gauss_continuous,1.000000,1.000000,
SE01-LS-3,6,0.300000,bayes_gauss_discrete,1.000000,0.999283,
SE01-LS-3,6,0.300000,bayes_filtered_empirical,1.000000,0.998565,
SE01-LS-3,6,0.300000,persistence_alert,1.000000,0.996413,
SE01-LS-3,6,0.500000,bayes_gauss_continuous,1.000000,0.999283,
SE01-LS-3,6,0.500000,bayes_gauss_discrete,1.000000,0.997848,
SE01-LS-3,6,0.500000,bayes_filtered_empirical,1.000000,0.997848,
SE01-LS-3,6,0.500000,persistence_alert,1.000000,0.996413,
SE01-LS-3,12,0.020000,bayes_gauss_continuous,1.000000,1.000000,
SE01-LS-3,12,0.020000,bayes_gauss_discrete,1.000000,1.000000,
SE01-LS-3,12,0.020000,bayes_filtered_empirical,1.000000,1.000000,
SE01-LS-3,12,0.020000,persistence_alert,1.000000,0.996366,
SE01-LS-3,12,0.050000,bayes_gauss_continuous,1.000000,1.000000,
SE01-LS-3,12,0.050000,bayes_gauss_discrete,1.000000,1.000000,
SE01-LS-3,12,0.050000,bayes_filtered_empirical,1.000000,1.000000,
SE01-LS-3,12,0.050000,persistence_alert,1.000000,0.996366,
SE01-LS-3,12,0.100000,bayes_gauss_continuous,1.000000,1.000000,
SE01-LS-3,12,0.100000,bayes_gauss_discrete,1.000000,1.000000,
SE01-LS-3,12,0.100000,bayes_filtered_empirical,1.000000,1.000000,
SE01-LS-3,12,0.100000,persistence_alert,1.000000,0.996366,
SE01-LS-3,12,0.200000,bayes_gauss_continuous,1.000000,1.000000,
SE01-LS-3,12,0.200000,bayes_gauss_discrete,1.000000,1.000000,
SE01-LS-3,12,0.200000,bayes_filtered_empirical,1.000000,1.000000,
SE01-LS-3,12,0.200000,persistence_alert,1.000000,0.996366,
SE01-LS-3,12,0.300000,bayes_gauss_continuous,1.000000,1.000000,
SE01-LS-3,12,0.300000,bayes_gauss_discrete,1.000000,1.000000,
SE01-LS-3,12,0.300000,bayes_filtered_empirical,1.000000,1.000000,
SE01-LS-3,12,0.300000,persistence_alert,1.000000,0.996366,
SE01-LS-3,12,0.500000,bayes_gauss_continuous,1.000000,0.999273,
SE01-LS-3,12,0.500000,bayes_gauss_discrete,1.000000,0.999273,
SE01-LS-3,12,0.500000,bayes_filtered_empirical,1.000000,0.998547,
SE01-LS-3,12,0.500000,persistence_alert,1.000000,0.996366,
SE01-LS-3,24,0.020000,bayes_gauss_continuous,1.000000,1.000000,
SE01-LS-3,24,0.020000,bayes_gauss_discrete,1.000000,1.000000,
SE01-LS-3,24,0.020000,bayes_filtered_empirical,1.000000,1.000000,
SE01-LS-3,24,0.020000,persistence_alert,1.000000,0.996269,
SE01-LS-3,24,0.050000,bayes_gauss_continuous,1.000000,1.000000,
SE01-LS-3,24,0.050000,bayes_gauss_discrete,1.000000,1.000000,
SE01-LS-3,24,0.050000,bayes_filtered_empirical,1.000000,1.000000,
SE01-LS-3,24,0.050000,persistence_alert,1.000000,0.996269,
SE01-LS-3,24,0.100000,bayes_gauss_continuous,1.000000,1.000000,
SE01-LS-3,24,0.100000,bayes_gauss_discrete,1.000000,1.000000,
SE01-LS-3,24,0.100000,bayes_filtered_empirical,1.000000,1.000000,
SE01-LS-3,24,0.100000,persistence_alert,1.000000,0.996269,
SE01-LS-3,24,0.200000,bayes_gauss_continuous,1.000000,1.000000,
SE01-LS-3,24,0.200000,bayes_gauss_discrete,1.000000,1.000000,
SE01-LS-3,24,0.200000,bayes_filtered_empirical,1.000000,1.000000,
SE01-LS-3,24,0.200000,persistence_alert,1.000000,0.996269,
SE01-LS-3,24,0.300000,bayes_gauss_continuous,1.000000,1.000000,
SE01-LS-3,24,0.300000,bayes_gauss_discrete,1.000000,1.000000,
SE01-LS-3,24,0.300000,bayes_filtered_empirical,1.000000,1.000000,
SE01-LS-3,24,0.300000,persistence_alert,1.000000,0.996269,
SE01-LS-3,24,0.500000,bayes_gauss_continuous,1.000000,1.000000,
SE01-LS-3,24,0.500000,bayes_gauss_discrete,1.000000,1.000000,
SE01-LS-3,24,0.500000,bayes_filtered_empirical,1.000000,0.999254,
SE01-LS-3,24,0.500000,persistence_alert,1.000000,0.996269,
SE01-LS-3,48,0.020000,bayes_gauss_continuous,1.000000,1.000000,
SE01-LS-3,48,0.020000,bayes_gauss_discrete,1.000000,1.000000,
SE01-LS-3,48,0.020000,bayes_filtered_empirical,1.000000,1.000000,
SE01-LS-3,48,0.020000,persistence_alert,1.000000,0.996057,
SE01-LS-3,48,0.050000,bayes_gauss_continuous,1.000000,1.000000,
SE01-LS-3,48,0.050000,bayes_gauss_discrete,1.000000,1.000000,
SE01-LS-3,48,0.050000,bayes_filtered_empirical,1.000000,1.000000,
SE01-LS-3,48,0.050000,persistence_alert,1.000000,0.996057,
SE01-LS-3,48,0.100000,bayes_gauss_continuous,1.000000,1.000000,
SE01-LS-3,48,0.100000,bayes_gauss_discrete,1.000000,1.000000,
SE01-LS-3,48,0.100000,bayes_filtered_empirical,1.000000,1.000000,
SE01-LS-3,48,0.100000,persistence_alert,1.000000,0.996057,
SE01-LS-3,48,0.200000,bayes_gauss_continuous,1.000000,1.000000,
SE01-LS-3,48,0.200000,bayes_gauss_discrete,1.000000,1.000000,
SE01-LS-3,48,0.200000,bayes_filtered_empirical,1.000000,1.000000,
SE01-LS-3,48,0.200000,persistence_alert,1.000000,0.996057,
SE01-LS-3,48,0.300000,bayes_gauss_continuous,1.000000,1.000000,
SE01-LS-3,48,0.300000,bayes_gauss_discrete,1.000000,1.000000,
SE01-LS-3,48,0.300000,bayes_filtered_empirical,1.000000,1.000000,
SE01-LS-3,48,0.300000,persistence_alert,1.000000,0.996057,
SE01-LS-3,48,0.500000,bayes_gauss_continuous,1.000000,1.000000,
SE01-LS-3,48,0.500000,bayes_gauss_discrete,1.000000,1.000000,
SE01-LS-3,48,0.500000,bayes_filtered_empirical,1.000000,1.000000,
SE01-LS-3,48,0.500000,persistence_alert,1.000000,0.996057,
SE01-LS-4,6,0.020000,bayes_gauss_continuous,0.841463,0.973458,0.167421
SE01-LS-4,6,0.020000,bayes_gauss_discrete,0.841463,0.966284,0.212670
SE01-LS-4,6,0.020000,bayes_filtered_empirical,0.841463,0.978479,0.135747
SE01-LS-4,6,0.020000,persistence_alert,0.841463,0.832138,-2.108597
SE01-LS-4,6,0.050000,bayes_gauss_continuous,0.841463,0.959110,0.257919
SE01-LS-4,6,0.050000,bayes_gauss_discrete,0.841463,0.951220,0.307692
SE01-LS-4,6,0.050000,bayes_filtered_empirical,0.841463,0.951220,0.307692
SE01-LS-4,6,0.050000,persistence_alert,0.841463,0.832138,-0.208145
SE01-LS-4,6,0.100000,bayes_gauss_continuous,0.841463,0.950502,0.312217
SE01-LS-4,6,0.100000,bayes_gauss_discrete,0.841463,0.942611,0.361991
SE01-LS-4,6,0.100000,bayes_filtered_empirical,0.841463,0.918221,0.515837
SE01-LS-4,6,0.100000,persistence_alert,0.841463,0.832138,0.425339
SE01-LS-4,6,0.200000,bayes_gauss_continuous,0.841463,0.933286,0.420814
SE01-LS-4,6,0.200000,bayes_gauss_discrete,0.841463,0.918221,0.515837
SE01-LS-4,6,0.200000,bayes_filtered_empirical,0.841463,0.882353,0.742081
SE01-LS-4,6,0.200000,persistence_alert,0.841463,0.832138,0.742081
SE01-LS-4,6,0.300000,bayes_gauss_continuous,0.841463,0.917504,0.520362
SE01-LS-4,6,0.300000,bayes_gauss_discrete,0.841463,0.900287,0.628959
SE01-LS-4,6,0.300000,bayes_filtered_empirical,0.841463,0.870158,0.819005
SE01-LS-4,6,0.300000,persistence_alert,0.841463,0.832138,0.847662
SE01-LS-4,6,0.500000,bayes_gauss_continuous,0.841463,0.883070,0.737557
SE01-LS-4,6,0.500000,bayes_gauss_discrete,0.841463,0.870875,0.814480
SE01-LS-4,6,0.500000,bayes_filtered_empirical,0.841463,0.861549,0.837104
SE01-LS-4,6,0.500000,persistence_alert,0.841463,0.832138,0.932127
SE01-LS-4,12,0.020000,bayes_gauss_continuous,0.848110,0.986919,0.086124
SE01-LS-4,12,0.020000,bayes_gauss_discrete,0.848110,0.986192,0.090909
SE01-LS-4,12,0.020000,bayes_filtered_empirical,0.848110,0.986192,0.090909
SE01-LS-4,12,0.020000,persistence_alert,0.848110,0.829942,-5.100478
SE01-LS-4,12,0.050000,bayes_gauss_continuous,0.848110,0.981831,0.119617
SE01-LS-4,12,0.050000,bayes_gauss_discrete,0.848110,0.978924,0.138756
SE01-LS-4,12,0.050000,bayes_filtered_empirical,0.848110,0.978198,0.143541
SE01-LS-4,12,0.050000,persistence_alert,0.848110,0.829942,-1.368421
SE01-LS-4,12,0.100000,bayes_gauss_continuous,0.848110,0.972384,0.181818
SE01-LS-4,12,0.100000,bayes_gauss_discrete,0.848110,0.964390,0.234450
SE01-LS-4,12,0.100000,bayes_filtered_empirical,0.848110,0.954942,0.296651
SE01-LS-4,12,0.100000,persistence_alert,0.848110,0.829942,-0.124402
SE01-LS-4,12,0.200000,bayes_gauss_continuous,0.848110,0.954215,0.301435
SE01-LS-4,12,0.200000,bayes_gauss_discrete,0.848110,0.946948,0.349282
SE01-LS-4,12,0.200000,bayes_filtered_empirical,0.848110,0.917878,0.540670
SE01-LS-4,12,0.200000,persistence_alert,0.848110,0.829942,0.497608
SE01-LS-4,12,0.300000,bayes_gauss_continuous,0.848110,0.945494,0.358852
SE01-LS-4,12,0.300000,bayes_gauss_discrete,0.848110,0.925872,0.488038
SE01-LS-4,12,0.300000,bayes_filtered_empirical,0.848110,0.898983,0.665072
SE01-LS-4,12,0.300000,persistence_alert,0.848110,0.829942,0.704944
SE01-LS-4,12,0.500000,bayes_gauss_continuous,0.848110,0.900436,0.655502
SE01-LS-4,12,0.500000,bayes_gauss_discrete,0.848110,0.884448,0.760766
SE01-LS-4,12,0.500000,bayes_filtered_empirical,0.848110,0.864826,0.889952
SE01-LS-4,12,0.500000,persistence_alert,0.848110,0.829942,0.870813
SE01-LS-4,24,0.020000,bayes_gauss_continuous,0.858209,0.991045,0.063158
SE01-LS-4,24,0.020000,bayes_gauss_discrete,0.858209,0.990299,0.068421
SE01-LS-4,24,0.020000,bayes_filtered_empirical,0.858209,0.990299,0.068421
SE01-LS-4,24,0.020000,persistence_alert,0.858209,0.825373,-10.610526
SE01-LS-4,24,0.050000,bayes_gauss_continuous,0.858209,0.988806,0.078947
SE01-LS-4,24,0.050000,bayes_gauss_discrete,0.858209,0.988060,0.084211
SE01-LS-4,24,0.050000,bayes_filtered_empirical,0.858209,0.986567,0.094737
SE01-LS-4,24,0.050000,persistence_alert,0.858209,0.825373,-3.505263
SE01-LS-4,24,0.100000,bayes_gauss_continuous,0.858209,0.986567,0.094737
SE01-LS-4,24,0.100000,bayes_gauss_discrete,0.858209,0.983582,0.115789
SE01-LS-4,24,0.100000,bayes_filtered_empirical,0.858209,0.981343,0.131579
SE01-LS-4,24,0.100000,persistence_alert,0.858209,0.825373,-1.136842
SE01-LS-4,24,0.200000,bayes_gauss_continuous,0.858209,0.977612,0.157895
SE01-LS-4,24,0.200000,bayes_gauss_discrete,0.858209,0.970149,0.210526
SE01-LS-4,24,0.200000,bayes_filtered_empirical,0.858209,0.955224,0.315789
SE01-LS-4,24,0.200000,persistence_alert,0.858209,0.825373,0.047368
SE01-LS-4,24,0.300000,bayes_gauss_continuous,0.858209,0.958955,0.289474
SE01-LS-4,24,0.300000,bayes_gauss_discrete,0.858209,0.950000,0.352632
SE01-LS-4,24,0.300000,bayes_filtered_empirical,0.858209,0.931343,0.484211
SE01-LS-4,24,0.300000,persistence_alert,0.858209,0.825373,0.442105
SE01-LS-4,24,0.500000,bayes_gauss_continuous,0.858209,0.930597,0.489474
SE01-LS-4,24,0.500000,bayes_gauss_discrete,0.858209,0.914925,0.600000
SE01-LS-4,24,0.500000,bayes_filtered_empirical,0.858209,0.882836,0.826316
SE01-LS-4,24,0.500000,persistence_alert,0.858209,0.825373,0.757895
SE01-LS-4,48,0.020000,bayes_gauss_continuous,0.869085,0.995268,0.036145
SE01-LS-4,48,0.020000,bayes_gauss_discrete,0.869085,0.993691,0.048193
SE01-LS-4,48,0.020000,bayes_filtered_empirical,0.869085,0.992902,0.054217
SE01-LS-4,48,0.020000,persistence_alert,0.869085,0.815457,-19.373494
SE01-LS-4,48,0.050000,bayes_gauss_continuous,0.869085,0.992114,0.060241
SE01-LS-4,48,0.050000,bayes_gauss_discrete,0.869085,0.992114,0.060241
SE01-LS-4,48,0.050000,bayes_filtered_empirical,0.869085,0.990536,0.072289
SE01-LS-4,48,0.050000,persistence_alert,0.869085,0.815457,-6.903614
SE01-LS-4,48,0.100000,bayes_gauss_continuous,0.869085,0.990536,0.072289
SE01-LS-4,48,0.100000,bayes_gauss_discrete,0.869085,0.988959,0.084337
SE01-LS-4,48,0.100000,bayes_filtered_empirical,0.869085,0.987382,0.096386
SE01-LS-4,48,0.100000,persistence_alert,0.869085,0.815457,-2.746988
SE01-LS-4,48,0.200000,bayes_gauss_continuous,0.869085,0.986593,0.102410
SE01-LS-4,48,0.200000,bayes_gauss_discrete,0.869085,0.985804,0.108434
SE01-LS-4,48,0.200000,bayes_filtered_empirical,0.869085,0.981861,0.138554
SE01-LS-4,48,0.200000,persistence_alert,0.869085,0.815457,-0.668675
SE01-LS-4,48,0.300000,bayes_gauss_continuous,0.869085,0.980284,0.150602
SE01-LS-4,48,0.300000,bayes_gauss_discrete,0.869085,0.977129,0.174699
SE01-LS-4,48,0.300000,bayes_filtered_empirical,0.869085,0.963722,0.277108
SE01-LS-4,48,0.300000,persistence_alert,0.869085,0.815457,0.024096
SE01-LS-4,48,0.500000,bayes_gauss_continuous,0.869085,0.951104,0.373494
SE01-LS-4,48,0.500000,bayes_gauss_discrete,0.869085,0.944006,0.427711
SE01-LS-4,48,0.500000,bayes_filtered_empirical,0.869085,0.925868,0.566265
SE01-LS-4,48,0.500000,persistence_alert,0.869085,0.815457,0.578313
SE0X-LS-1,6,0.020000,bayes_gauss_continuous,1.000000,1.000000,
SE0X-LS-1,6,0.020000,bayes_gauss_discrete,1.000000,1.000000,
SE0X-LS-1,6,0.020000,bayes_filtered_empirical,1.000000,1.000000,
SE0X-LS-1,6,0.020000,persistence_alert,1.000000,1.000000,
SE0X-LS-1,6,0.050000,bayes_gauss_continuous,1.000000,1.000000,
SE0X-LS-1,6,0.050000,bayes_gauss_discrete,1.000000,1.000000,
SE0X-LS-1,6,0.050000,bayes_filtered_empirical,1.000000,1.000000,
SE0X-LS-1,6,0.050000,persistence_alert,1.000000,1.000000,
SE0X-LS-1,6,0.100000,bayes_gauss_continuous,1.000000,1.000000,
SE0X-LS-1,6,0.100000,bayes_gauss_discrete,1.000000,1.000000,
SE0X-LS-1,6,0.100000,bayes_filtered_empirical,1.000000,1.000000,
SE0X-LS-1,6,0.100000,persistence_alert,1.000000,1.000000,
SE0X-LS-1,6,0.200000,bayes_gauss_continuous,1.000000,1.000000,
SE0X-LS-1,6,0.200000,bayes_gauss_discrete,1.000000,1.000000,
SE0X-LS-1,6,0.200000,bayes_filtered_empirical,1.000000,1.000000,
SE0X-LS-1,6,0.200000,persistence_alert,1.000000,1.000000,
SE0X-LS-1,6,0.300000,bayes_gauss_continuous,1.000000,1.000000,
SE0X-LS-1,6,0.300000,bayes_gauss_discrete,1.000000,1.000000,
SE0X-LS-1,6,0.300000,bayes_filtered_empirical,1.000000,1.000000,
SE0X-LS-1,6,0.300000,persistence_alert,1.000000,1.000000,
SE0X-LS-1,6,0.500000,bayes_gauss_continuous,1.000000,1.000000,
SE0X-LS-1,6,0.500000,bayes_gauss_discrete,1.000000,1.000000,
SE0X-LS-1,6,0.500000,bayes_filtered_empirical,1.000000,1.000000,
SE0X-LS-1,6,0.500000,persistence_alert,1.000000,1.000000,
SE0X-LS-1,12,0.020000,bayes_gauss_continuous,1.000000,1.000000,
SE0X-LS-1,12,0.020000,bayes_gauss_discrete,1.000000,1.000000,
SE0X-LS-1,12,0.020000,bayes_filtered_empirical,1.000000,1.000000,
SE0X-LS-1,12,0.020000,persistence_alert,1.000000,1.000000,
SE0X-LS-1,12,0.050000,bayes_gauss_continuous,1.000000,1.000000,
SE0X-LS-1,12,0.050000,bayes_gauss_discrete,1.000000,1.000000,
SE0X-LS-1,12,0.050000,bayes_filtered_empirical,1.000000,1.000000,
SE0X-LS-1,12,0.050000,persistence_alert,1.000000,1.000000,
SE0X-LS-1,12,0.100000,bayes_gauss_continuous,1.000000,1.000000,
SE0X-LS-1,12,0.100000,bayes_gauss_discrete,1.000000,1.000000,
SE0X-LS-1,12,0.100000,bayes_filtered_empirical,1.000000,1.000000,
SE0X-LS-1,12,0.100000,persistence_alert,1.000000,1.000000,
SE0X-LS-1,12,0.200000,bayes_gauss_continuous,1.000000,1.000000,
SE0X-LS-1,12,0.200000,bayes_gauss_discrete,1.000000,1.000000,
SE0X-LS-1,12,0.200000,bayes_filtered_empirical,1.000000,1.000000,
SE0X-LS-1,12,0.200000,persistence_alert,1.000000,1.000000,
SE0X-LS-1,12,0.300000,bayes_gauss_continuous,1.000000,1.000000,
SE0X-LS-1,12,0.300000,bayes_gauss_discrete,1.000000,1.000000,
SE0X-LS-1,12,0.300000,bayes_filtered_empirical,1.000000,1.000000,
SE0X-LS-1,12,0.300000,persistence_alert,1.000000,1.000000,
SE0X-LS-1,12,0.500000,bayes_gauss_continuous,1.000000,1.000000,
SE0X-LS-1,12,0.500000,bayes_gauss_discrete,1.000000,1.000000,
SE0X-LS-1,12,0.500000,bayes_filtered_empirical,1.000000,1.000000,
SE0X-LS-1,12,0.500000,persistence_alert,1.000000,1.000000,
SE0X-LS-1,24,0.020000,bayes_gauss_continuous,1.000000,1.000000,
SE0X-LS-1,24,0.020000,bayes_gauss_discrete,1.000000,1.000000,
SE0X-LS-1,24,0.020000,bayes_filtered_empirical,1.000000,1.000000,
SE0X-LS-1,24,0.020000,persistence_alert,1.000000,1.000000,
SE0X-LS-1,24,0.050000,bayes_gauss_continuous,1.000000,1.000000,
SE0X-LS-1,24,0.050000,bayes_gauss_discrete,1.000000,1.000000,
SE0X-LS-1,24,0.050000,bayes_filtered_empirical,1.000000,1.000000,
SE0X-LS-1,24,0.050000,persistence_alert,1.000000,1.000000,
SE0X-LS-1,24,0.100000,bayes_gauss_continuous,1.000000,1.000000,
SE0X-LS-1,24,0.100000,bayes_gauss_discrete,1.000000,1.000000,
SE0X-LS-1,24,0.100000,bayes_filtered_empirical,1.000000,1.000000,
SE0X-LS-1,24,0.100000,persistence_alert,1.000000,1.000000,
SE0X-LS-1,24,0.200000,bayes_gauss_continuous,1.000000,1.000000,
SE0X-LS-1,24,0.200000,bayes_gauss_discrete,1.000000,1.000000,
SE0X-LS-1,24,0.200000,bayes_filtered_empirical,1.000000,1.000000,
SE0X-LS-1,24,0.200000,persistence_alert,1.000000,1.000000,
SE0X-LS-1,24,0.300000,bayes_gauss_continuous,1.000000,1.000000,
SE0X-LS-1,24,0.300000,bayes_gauss_discrete,1.000000,1.000000,
SE0X-LS-1,24,0.300000,bayes_filtered_empirical,1.000000,1.000000,
SE0X-LS-1,24,0.300000,persistence_alert,1.000000,1.000000,
SE0X-LS-1,24,0.500000,bayes_gauss_continuous,1.000000,1.000000,
SE0X-LS-1,24,0.500000,bayes_gauss_discrete,1.000000,1.000000,
SE0X-LS-1,24,0.500000,bayes_filtered_empirical,1.000000,1.000000,
SE0X-LS-1,24,0.500000,persistence_alert,1.000000,1.000000,
SE0X-LS-1,48,0.020000,bayes_gauss_continuous,1.000000,1.000000,
SE0X-LS-1,48,0.020000,bayes_gauss_discrete,1.000000,1.000000,
SE0X-LS-1,48,0.020000,bayes_filtered_empirical,1.000000,1.000000,
SE0X-LS-1,48,0.020000,persistence_alert,1.000000,1.000000,
SE0X-LS-1,48,0.050000,bayes_gauss_continuous,1.000000,1.000000,
SE0X-LS-1,48,0.050000,bayes_gauss_discrete,1.000000,1.000000,
SE0X-LS-1,48,0.050000,bayes_filtered_empirical,1.000000,1.000000,
SE0X-LS-1,48,0.050000,persistence_alert,1.000000,1.000000,
SE0X-LS-1,48,0.100000,bayes_gauss_continuous,1.000000,1.000000,
SE0X-LS-1,48,0.100000,bayes_gauss_discrete,1.000000,1.000000,
SE0X-LS-1,48,0.100000,bayes_filtered_empirical,1.000000,1.000000,
SE0X-LS-1,48,0.100000,persistence_alert,1.000000,1.000000,
SE0X-LS-1,48,0.200000,bayes_gauss_continuous,1.000000,1.000000,
SE0X-LS-1,48,0.200000,bayes_gauss_discrete,1.000000,1.000000,
SE0X-LS-1,48,0.200000,bayes_filtered_empirical,1.000000,1.000000,
SE0X-LS-1,48,0.200000,persistence_alert,1.000000,1.000000,
SE0X-LS-1,48,0.300000,bayes_gauss_continuous,1.000000,1.000000,
SE0X-LS-1,48,0.300000,bayes_gauss_discrete,1.000000,1.000000,
SE0X-LS-1,48,0.300000,bayes_filtered_empirical,1.000000,1.000000,
SE0X-LS-1,48,0.300000,persistence_alert,1.000000,1.000000,
SE0X-LS-1,48,0.500000,bayes_gauss_continuous,1.000000,1.000000,
SE0X-LS-1,48,0.500000,bayes_gauss_discrete,1.000000,1.000000,
SE0X-LS-1,48,0.500000,bayes_filtered_empirical,1.000000,1.000000,
SE0X-LS-1,48,0.500000,persistence_alert,1.000000,1.000000,
