block_id,ndvi_count,ndvi_coverage,ndre_count,ndre_coverage
Cc,6774087,0.1795795585946603,6774087,0.1795795585946603
Cb,8681699,0.1891324540801981,8681699,0.1891324540801981
Ca,12573890,0.2617806486320831,12573890,0.2617806486320831
Triangle A,4243110,0.3567990830930138,4243110,0.3567990830930138
Cd,6654807,0.3977647186030361,6654807,0.3977647186030361
Ce,8425366,0.4016059727773028,8425366,0.4016059727773028
Train Barn,6247847,0.4271653894578223,6247847,0.4271653894578223
H1,5843170,0.4717945629014739,5843170,0.4717945629014739
H4,3497423,0.4768767302075438,3497423,0.4768767302075438
